District,CityName,Category,Population,Interview,Observational,Subtotal
3,MURRIETA,Gender,Blank,0,0,0
3,MURRIETA,Age,50-61,7,2,9
5,BEAUMONT,Age,Adult,8,4,12
2,JURUPA VALLEY,Subpopulations,PTSD,12,0,12
4,CATHEDRAL CITY,Race,Blank,0,1,1
2,NORCO,Subpopulations,Jail Release 12 Months: Probation,0,0,0
1,LAKE ELSINORE,Subpopulations,Brain Injury,14,0,14
5,CALIMESA,Age,80+,0,0,0
3,Unincorporated,Age,17 or under,0,0,0
5,PERRIS,Total Unsheltered Homeless Individuals,TOTAL,67,28,95
4,Unincorporated,Race,TOTAL,25,5,30
5,MENIFEE,Age,Children,0,0,0
5,PERRIS,Gender,Male,47,21,68
3,MURRIETA,Gender,Gender Non-Conforming,0,0,0
4,INDIO,Subpopulations,Jail Release 12 Months: Parole,0,0,0
1,CANYON LAKE,Gender,TOTAL,0,0,0
2,RIVERSIDE,Gender,Blank,1,3,5
4,Unincorporated,Subpopulations,Jail Release 90 Days: (Unspecified),4,0,4
4,Unincorporated,Age,TOTAL,25,5,30
2,CORONA,Gender,Female,13,6,19
2,JURUPA VALLEY,Subpopulations,Families with Children,1,0,1
3,HEMET,Gender,Gender Non-Conforming,2,0,2
4,BLYTHE,Ethnicity,Blank,0,4,4
3,TEMECULA,Age,25-49,31,10,41
2,CORONA,Age,80+,0,0,0
4,INDIO,Age,62-69,5,0,5
2,JURUPA VALLEY,Gender,Transgender,1,0,1
4,INDIO,Gender,Blank,0,1,1
1,LAKE ELSINORE,Age,17 or under,0,0,0
4,RANCHO MIRAGE,Subpopulations,Families with Children,0,0,0
5,CALIMESA,Race,"Native Hawaiian, Pacific Islander",0,0,0
4,DESERT HOT SPRINGS,Gender,Gender Non-Conforming,0,0,0
2,NORCO,Ethnicity,Not Hispanic or Latino,2,1,3
4,RANCHO MIRAGE,Age,62-69,0,0,0
2,CORONA,Subpopulations,Victim of Domestic Violence*,5,0,5
1,RIVERSIDE,Total Unsheltered Homeless Individuals,TOTAL,110,74,183
1,WILDOMAR,Age,50-61,3,2,5
4,COACHELLA,Age,Youth,0,4,4
5,PERRIS,Gender,Gender Non-Conforming,0,0,0
4,LA QUINTA,Age,62-69,0,0,0
5,PERRIS,Subpopulations,Victim of Domestic Violence*,3,0,3
4,RANCHO MIRAGE,Race,Black or African American,1,0,1
4,DESERT HOT SPRINGS,Gender,Male,33,3,36
1,WILDOMAR,Race,Black or African American,1,0,1
2,Unincorporated,Age,62-69,0,0,0
4,Unincorporated,Subpopulations,Veterans,3,0,3
1,Unincorporated,Age,Adult,12,1,13
1,WILDOMAR,Age,TOTAL,9,6,15
1,CANYON LAKE,Age,TOTAL,0,0,0
2,CORONA,Age,70-79,1,0,1
5,BEAUMONT,Gender,TOTAL,9,4,13
4,CATHEDRAL CITY,Subpopulations,Jail Release 90 Days: (Unspecified),3,0,3
4,LA QUINTA,Subpopulations,Families with Children,0,0,0
4,COACHELLA,Age,Adult,46,19,65
3,Unincorporated,Subpopulations,Physical Disability,6,0,6
4,CATHEDRAL CITY,Race,"Native Hawaiian, Pacific Islander",0,0,0
4,PALM DESERT,Subpopulations,Drug Use,17,0,17
3,TEMECULA,Gender,Female,15,3,18
1,WILDOMAR,Subpopulations,Families with Children,0,0,0
2,CORONA,Gender,Gender Non-Conforming,0,0,0
1,CANYON LAKE,Subpopulations,Drug Use,0,0,0
4,PALM SPRINGS,Gender,TOTAL,97,29,126
5,BEAUMONT,Subpopulations,Jail Release 12 Months: Parole,0,0,0
5,PERRIS,Age,70-79,2,0,2
3,MURRIETA,Subpopulations,PTSD,1,0,1
4,DESERT HOT SPRINGS,Age,62-69,9,0,9
5,PERRIS,Subpopulations,Brain Injury,16,0,16
2,EASTVALE,Subpopulations,Jail Release 90 Days: Probation,0,0,0
4,COACHELLA,Subpopulations,Veterans,1,0,1
2,RIVERSIDE,Race,TOTAL,109,73,183
4,CATHEDRAL CITY,Gender,Blank,0,1,1
4,DESERT HOT SPRINGS,Subpopulations,Developmental Disability,8,0,8
1,LAKE ELSINORE,Gender,TOTAL,73,2,75
4,BLYTHE,Subpopulations,Brain Injury,1,0,1
4,CATHEDRAL CITY,Age,25-49,12,11,23
4,LA QUINTA,Race,Multiple Races,0,0,0
2,NORCO,Subpopulations,AIDS or HIV,0,0,0
4,COACHELLA,Age,Blank,5,1,6
5,CALIMESA,Subpopulations,Victim of Domestic Violence*,0,0,0
4,PALM DESERT,Age,50-61,10,1,11
5,BEAUMONT,Gender,Male,7,2,9
4,CATHEDRAL CITY,Subpopulations,Drug Use,17,0,17
3,TEMECULA,Ethnicity,Not Hispanic or Latino,42,8,50
3,TEMECULA,Subpopulations,TOTAL,140,0,140
5,Unincorporated,Race,TOTAL,14,1,15
1,CANYON LAKE,Ethnicity,Blank,0,0,0
5,CALIMESA,Subpopulations,Developmental Disability,0,0,0
1,LAKE ELSINORE,Age,80+,0,0,0
3,MURRIETA,Subpopulations,Veterans,2,0,2
5,BANNING,Subpopulations,TOTAL,80,0,80
1,WILDOMAR,Age,Children,0,0,0
3,MURRIETA,Subpopulations,AIDS or HIV,0,0,0
5,CALIMESA,Gender,Blank,0,0,0
1,RIVERSIDE,Age,80+,0,0,0
4,PALM SPRINGS,Gender,Male,70,26,96
4,RANCHO MIRAGE,Ethnicity,Hispanic or Latino,1,0,1
5,BANNING,Race,"Native Hawaiian, Pacific Islander",1,0,1
4,Unincorporated,Age,Adult,24,5,29
4,PALM DESERT,Age,Children,0,0,0
5,BANNING,Race,Black or African American,7,0,7
1,Unincorporated,Age,Blank,3,0,3
4,COACHELLA,Gender,TOTAL,51,24,75
2,CORONA,Subpopulations,Drug Use,23,0,23
4,INDIO,Age,18-24,0,1,1
2,Unincorporated,Race,"Native Hawaiian, Pacific Islander",0,0,0
1,LAKE ELSINORE,Race,Asian,0,0,0
4,INDIO,Ethnicity,Hispanic or Latino,30,3,33
1,WILDOMAR,Subpopulations,Jail Release 90 Days: Parole,0,0,0
1,CANYON LAKE,Gender,Transgender,0,0,0
3,SAN JACINTO,Gender,Transgender,0,0,0
2,NORCO,Age,18-24,0,0,0
2,JURUPA VALLEY,Race,Multiple Races,6,0,6
4,INDIO,Subpopulations,Developmental Disability,4,0,4
4,RANCHO MIRAGE,Gender,Male,4,0,4
2,RIVERSIDE,Subpopulations,Developmental Disability,15,0,15
1,CANYON LAKE,Subpopulations,Developmental Disability,0,0,0
5,MENIFEE,Age,TOTAL,18,4,22
4,INDIO,Age,Youth,0,1,1
3,HEMET,Race,White,27,13,40
4,BLYTHE,Ethnicity,Hispanic or Latino,10,3,13
4,DESERT HOT SPRINGS,Subpopulations,Jail Release 90 Days: Probation,0,0,0
4,DESERT HOT SPRINGS,Subpopulations,Jail Release 12 Months: Probation,2,0,2
2,RIVERSIDE,Subpopulations,PTSD,22,0,22
5,BANNING,Ethnicity,TOTAL,33,4,37
5,BEAUMONT,Age,80+,0,0,0
4,DESERT HOT SPRINGS,Subpopulations,Jail Release 12 Months: (Unspecified),3,0,3
3,MURRIETA,Age,80+,0,0,0
4,PALM SPRINGS,Subpopulations,Physical Disability,30,0,30
1,CANYON LAKE,Subpopulations,Jail Release 12 Months: Parole,0,0,0
1,CANYON LAKE,Subpopulations,Victim of Domestic Violence*,0,0,0
2,NORCO,Age,Youth,0,0,0
1,Unincorporated,Subpopulations,Physical Disability,2,0,2
3,TEMECULA,Race,White,39,8,47
3,MURRIETA,Race,Multiple Races,0,0,0
4,INDIO,Subpopulations,Victim of Domestic Violence*,3,0,3
4,COACHELLA,Gender,Male,37,18,55
3,HEMET,Subpopulations,Jail Release 90 Days: Parole,0,0,0
3,HEMET,Ethnicity,Hispanic or Latino,9,6,15
5,PERRIS,Age,50-61,16,1,17
4,RANCHO MIRAGE,Subpopulations,TOTAL,15,0,15
1,Unincorporated,Subpopulations,Families with Children,0,0,0
3,HEMET,Subpopulations,TOTAL,128,0,128
4,RANCHO MIRAGE,Subpopulations,Brain Injury,1,0,1
3,Unincorporated,Age,Adult,29,1,30
1,LAKE ELSINORE,Subpopulations,PTSD,19,0,19
2,NORCO,Gender,TOTAL,3,1,4
1,RIVERSIDE,Age,Children,0,0,0
4,BLYTHE,Subpopulations,Alcohol Use,14,0,14
4,PALM SPRINGS,Race,Multiple Races,7,0,7
2,CORONA,Age,17 or under,1,0,1
1,LAKE ELSINORE,Subpopulations,Mental Health Conditions,19,0,19
4,Unincorporated,Ethnicity,TOTAL,26,5,31
2,JURUPA VALLEY,Age,17 or under,0,0,0
4,CATHEDRAL CITY,Subpopulations,Victim of Domestic Violence*,6,0,6
3,HEMET,Age,Adult,34,22,56
5,BEAUMONT,Subpopulations,Jail Release 90 Days: Parole,0,0,0
5,MENIFEE,Race,Multiple Races,0,0,0
4,Unincorporated,Subpopulations,Mental Health Conditions,7,0,7
4,PALM DESERT,Age,25-49,20,3,23
3,SAN JACINTO,Subpopulations,TOTAL,25,0,25
4,PALM SPRINGS,Age,50-61,29,9,38
5,Unincorporated,Ethnicity,TOTAL,14,1,15
4,DESERT HOT SPRINGS,Total Unsheltered Homeless Individuals,TOTAL,54,4,58
5,CALIMESA,Age,TOTAL,7,2,9
3,HEMET,Race,Don't Know/ Refused to Answer,9,15,24
3,SAN JACINTO,Subpopulations,Victim of Domestic Violence*,1,0,1
4,PALM SPRINGS,Race,Don't Know/ Refused to Answer,10,14,24
5,PERRIS,Subpopulations,Jail Release 12 Months: (Unspecified),1,0,1
2,EASTVALE,Age,62-69,0,0,0
2,EASTVALE,Age,50-61,0,0,0
4,COACHELLA,Gender,Gender Non-Conforming,0,0,0
1,Unincorporated,Subpopulations,Mental Health Conditions,0,0,0
1,LAKE ELSINORE,Subpopulations,AIDS or HIV,0,0,0
4,COACHELLA,Ethnicity,Hispanic or Latino,28,8,36
4,DESERT HOT SPRINGS,Race,American Indian or Alaska Native,3,0,3
2,NORCO,Gender,Male,1,1,2
4,DESERT HOT SPRINGS,Subpopulations,AIDS or HIV,0,0,0
4,COACHELLA,Race,Asian,0,0,0
2,CORONA,Age,50-61,22,4,26
2,Unincorporated,Race,Asian,0,0,0
4,INDIO,Age,70-79,0,0,0
5,PERRIS,Race,White,36,15,51
5,Unincorporated,Age,Blank,0,0,0
4,INDIO,Race,Asian,0,0,0
5,MORENO VALLEY,Ethnicity,Hispanic or Latino,28,2,30
2,JURUPA VALLEY,Age,Children,0,0,0
1,RIVERSIDE,Age,0-5,0,0,0
3,HEMET,Subpopulations,Victim of Domestic Violence*,7,0,7
2,RIVERSIDE,Age,18-24,24,10,34
4,INDIO,Total Unsheltered Homeless Individuals,TOTAL,41,9,50
2,Unincorporated,Race,Black or African American,0,0,0
2,NORCO,Age,70-79,0,0,0
4,DESERT HOT SPRINGS,Subpopulations,Mental Health Conditions,10,0,10
3,SAN JACINTO,Subpopulations,Brain Injury,2,0,2
2,EASTVALE,Race,TOTAL,0,0,0
2,CORONA,Race,Blank,5,2,7
4,LA QUINTA,Age,70-79,0,0,0
5,Unincorporated,Subpopulations,Victim of Domestic Violence*,0,0,0
2,JURUPA VALLEY,Age,70-79,0,0,0
4,CATHEDRAL CITY,Race,American Indian or Alaska Native,3,1,4
5,BANNING,Subpopulations,Jail Release 90 Days: Probation,3,0,3
2,EASTVALE,Age,Children,0,0,0
2,JURUPA VALLEY,Subpopulations,Veterans,7,0,7
1,CANYON LAKE,Subpopulations,TOTAL,0,0,0
4,INDIO,Subpopulations,Drug Use,15,0,15
4,RANCHO MIRAGE,Age,Children,0,0,0
3,TEMECULA,Age,Blank,2,0,2
5,Unincorporated,Subpopulations,Drug Use,1,0,1
2,JURUPA VALLEY,Subpopulations,Chronically Homeless,30,0,30
5,Unincorporated,Subpopulations,TOTAL,32,0,32
4,PALM SPRINGS,Age,Children,0,0,0
5,CALIMESA,Age,50-61,2,1,3
2,RIVERSIDE,Subpopulations,Brain Injury,12,0,12
1,RIVERSIDE,Subpopulations,Mental Health Conditions,37,0,37
1,WILDOMAR,Race,Don't Know/ Refused to Answer,0,1,1
5,CALIMESA,Subpopulations,Jail Release 12 Months: (Unspecified),0,0,0
1,LAKE ELSINORE,Age,Children,0,0,0
3,TEMECULA,Age,62-69,2,2,4
5,MENIFEE,Age,Adult,17,4,21
2,CORONA,Subpopulations,PTSD,12,0,12
4,PALM DESERT,Subpopulations,Chronically Homeless,17,0,17
2,Unincorporated,Gender,Female,2,0,2
2,NORCO,Subpopulations,Jail Release 90 Days: Probation,0,0,0
5,MORENO VALLEY,Age,50-61,11,1,12
3,SAN JACINTO,Race,TOTAL,7,2,9
5,CALIMESA,Age,Youth,0,0,0
4,LA QUINTA,Subpopulations,Jail Release 12 Months: (Unspecified),1,0,1
4,LA QUINTA,Age,25-49,3,1,4
3,MURRIETA,Subpopulations,Mental Health Conditions,3,0,3
1,CANYON LAKE,Race,Blank,0,0,0
5,BEAUMONT,Gender,Gender Non-Conforming,0,0,0
4,Unincorporated,Subpopulations,Jail Release 12 Months: Probation,0,0,0
4,LA QUINTA,Subpopulations,Mental Health Conditions,1,0,1
4,Unincorporated,Race,Blank,0,0,0
2,EASTVALE,Race,Asian,0,0,0
5,Unincorporated,Race,Black or African American,2,0,2
5,MORENO VALLEY,Subpopulations,AIDS or HIV,2,0,2
1,Unincorporated,Subpopulations,Chronically Homeless,2,0,2
1,Unincorporated,Subpopulations,Jail Release 12 Months: (Unspecified),0,0,0
1,LAKE ELSINORE,Age,50-61,19,0,19
3,TEMECULA,Subpopulations,Developmental Disability,5,0,5
3,MURRIETA,Age,Adult,11,5,16
4,PALM DESERT,Race,American Indian or Alaska Native,2,0,2
4,BLYTHE,Subpopulations,Veterans,2,0,2
5,MORENO VALLEY,Age,17 or under,0,0,0
2,Unincorporated,Age,Adult,3,0,3
2,CORONA,Age,Youth,2,5,7
5,MORENO VALLEY,Ethnicity,Not Hispanic or Latino,32,10,42
1,RIVERSIDE,Subpopulations,Developmental Disability,15,0,15
5,CALIMESA,Subpopulations,Alcohol Use,2,0,2
4,CATHEDRAL CITY,Age,Blank,3,1,4
4,CATHEDRAL CITY,Subpopulations,Alcohol Use,8,0,8
2,CORONA,Subpopulations,Jail Release 90 Days: Parole,0,0,0
4,PALM DESERT,Gender,Blank,1,0,1
4,Unincorporated,Age,18-24,1,0,1
3,Unincorporated,Subpopulations,Families with Children,0,0,0
2,JURUPA VALLEY,Subpopulations,Jail Release 12 Months: (Unspecified),6,0,6
2,Unincorporated,Subpopulations,Brain Injury,0,0,0
4,BLYTHE,Age,Adult,36,16,52
3,TEMECULA,Age,80+,0,0,0
5,MORENO VALLEY,Subpopulations,Physical Disability,20,0,20
4,CATHEDRAL CITY,Age,62-69,4,1,5
1,CANYON LAKE,Race,American Indian or Alaska Native,0,0,0
2,RIVERSIDE,Age,62-69,3,2,5
4,PALM SPRINGS,Age,Youth,4,3,7
4,CATHEDRAL CITY,Race,Black or African American,3,1,4
5,MORENO VALLEY,Race,American Indian or Alaska Native,2,0,2
2,Unincorporated,Age,17 or under,0,0,0
3,HEMET,Age,50-61,5,4,9
5,PERRIS,Subpopulations,Physical Disability,25,0,25
1,RIVERSIDE,Age,Adult,78,61,139
1,CANYON LAKE,Gender,Blank,0,0,0
4,RANCHO MIRAGE,Ethnicity,TOTAL,7,0,7
4,BLYTHE,Subpopulations,TOTAL,86,0,86
4,INDIO,Age,17 or under,0,0,0
4,PALM DESERT,Age,Blank,4,0,4
1,WILDOMAR,Subpopulations,Chronically Homeless,2,0,2
3,Unincorporated,Subpopulations,Jail Release 90 Days: Parole,0,0,0
2,EASTVALE,Gender,Gender Non-Conforming,0,0,0
4,INDIO,Race,Black or African American,2,1,3
3,SAN JACINTO,Gender,Female,2,0,2
3,HEMET,Race,American Indian or Alaska Native,1,0,1
1,Unincorporated,Subpopulations,Jail Release 12 Months: Parole,0,0,0
2,RIVERSIDE,Gender,Male,69,47,116
5,BANNING,Gender,Blank,0,0,0
5,PERRIS,Age,Youth,6,3,9
3,MURRIETA,Race,American Indian or Alaska Native,1,0,1
5,CALIMESA,Gender,Transgender,0,0,0
2,JURUPA VALLEY,Age,Blank,5,10,15
5,MORENO VALLEY,Age,70-79,0,0,0
5,MORENO VALLEY,Subpopulations,Jail Release 12 Months: Probation,3,0,3
5,MENIFEE,Race,Blank,2,0,2
4,PALM DESERT,Race,TOTAL,38,5,43
2,RIVERSIDE,Ethnicity,Not Hispanic or Latino,69,36,105
5,BEAUMONT,Subpopulations,Jail Release 12 Months: Probation,1,0,1
3,MURRIETA,Subpopulations,Chronically Homeless,4,0,4
5,BEAUMONT,Subpopulations,TOTAL,23,0,23
4,PALM SPRINGS,Ethnicity,Don't Know/ Refused to Answer / Blank,3,10,13
1,RIVERSIDE,Gender,TOTAL,110,74,183
3,Unincorporated,Age,Blank,1,0,1
4,LA QUINTA,Subpopulations,Chronically Homeless,2,0,2
1,LAKE ELSINORE,Subpopulations,Developmental Disability,10,0,10
4,INDIO,Age,50-61,14,0,14
1,Unincorporated,Race,TOTAL,15,1,16
2,RIVERSIDE,Age,25-49,53,41,94
4,PALM DESERT,Subpopulations,Mental Health Conditions,6,0,6
3,Unincorporated,Subpopulations,Veterans,3,0,3
5,CALIMESA,Ethnicity,Hispanic or Latino,0,0,0
4,BLYTHE,Subpopulations,Jail Release 12 Months: Probation,0,0,0
4,DESERT HOT SPRINGS,Gender,Blank,1,0,1
4,CATHEDRAL CITY,Subpopulations,Physical Disability,32,0,32
2,NORCO,Age,50-61,0,0,0
4,CATHEDRAL CITY,Race,Asian,0,0,0
1,WILDOMAR,Subpopulations,Mental Health Conditions,1,0,1
5,BANNING,Subpopulations,Chronically Homeless,7,0,7
2,EASTVALE,Race,American Indian or Alaska Native,0,0,0
5,BANNING,Subpopulations,Alcohol Use,11,0,11
3,HEMET,Ethnicity,TOTAL,48,35,83
4,INDIO,Gender,Gender Non-Conforming,0,0,0
1,WILDOMAR,Subpopulations,Jail Release 12 Months: (Unspecified),0,0,0
3,SAN JACINTO,Race,Don't Know/ Refused to Answer,0,0,0
3,TEMECULA,Ethnicity,Hispanic or Latino,7,2,9
4,COACHELLA,Race,White,25,12,37
4,BLYTHE,Age,0-5,0,0,0
4,INDIO,Gender,Male,28,6,34
3,Unincorporated,Ethnicity,Blank,4,0,4
4,INDIO,Race,TOTAL,41,9,50
5,BANNING,Race,Asian,0,0,0
2,CORONA,Ethnicity,TOTAL,58,14,72
3,MURRIETA,Age,TOTAL,11,8,19
2,NORCO,Race,White,2,1,3
1,RIVERSIDE,Age,25-49,53,42,95
5,BANNING,Age,Children,0,0,0
4,BLYTHE,Subpopulations,Victim of Domestic Violence*,2,0,2
5,MENIFEE,Subpopulations,Jail Release 90 Days: Parole,0,0,0
3,TEMECULA,Race,TOTAL,51,15,66
2,NORCO,Subpopulations,Alcohol Use,0,0,0
2,Unincorporated,Age,50-61,1,0,1
3,SAN JACINTO,Subpopulations,Jail Release 90 Days: Probation,0,0,0
5,CALIMESA,Subpopulations,PTSD,1,0,1
5,BEAUMONT,Race,White,0,1,1
4,DESERT HOT SPRINGS,Subpopulations,PTSD,14,0,14
5,BEAUMONT,Age,62-69,0,0,0
4,LA QUINTA,Gender,Blank,0,0,0
1,CANYON LAKE,Age,62-69,0,0,0
1,WILDOMAR,Race,TOTAL,9,6,15
3,SAN JACINTO,Ethnicity,Hispanic or Latino,3,0,3
4,BLYTHE,Age,TOTAL,37,17,54
3,HEMET,Age,17 or under,1,0,1
3,SAN JACINTO,Race,Asian,0,0,0
5,BEAUMONT,Age,Blank,0,0,0
2,JURUPA VALLEY,Race,Asian,0,1,1
5,MORENO VALLEY,Age,Youth,11,2,13
2,CORONA,Race,Multiple Races,0,0,0
4,PALM DESERT,Ethnicity,TOTAL,38,5,43
5,BANNING,Subpopulations,Families with Children,0,0,0
1,Unincorporated,Subpopulations,Developmental Disability,2,0,2
2,NORCO,Subpopulations,Jail Release 90 Days: Parole,0,0,0
1,Unincorporated,Age,70-79,0,0,0
4,RANCHO MIRAGE,Subpopulations,Chronically Homeless,3,0,3
1,RIVERSIDE,Age,TOTAL,110,74,183
3,Unincorporated,Subpopulations,Brain Injury,2,0,2
3,TEMECULA,Subpopulations,Jail Release 90 Days: Parole,2,0,2
2,Unincorporated,Race,Multiple Races,1,0,1
2,CORONA,Age,Adult,51,8,59
4,PALM SPRINGS,Subpopulations,Developmental Disability,12,0,12
2,NORCO,Race,Blank,0,0,0
3,HEMET,Age,Blank,3,7,10
2,CORONA,Subpopulations,Mental Health Conditions,12,0,12
4,PALM SPRINGS,Age,17 or under,0,0,0
4,INDIO,Subpopulations,Jail Release 90 Days: Probation,1,0,1
3,SAN JACINTO,Subpopulations,Jail Release 12 Months: (Unspecified),0,0,0
5,CALIMESA,Subpopulations,Mental Health Conditions,1,0,1
5,PERRIS,Age,Adult,59,25,84
5,Unincorporated,Subpopulations,Jail Release 12 Months: (Unspecified),0,0,0
1,RIVERSIDE,Race,Asian,1,1,1
2,RIVERSIDE,Race,Blank,13,2,15
1,LAKE ELSINORE,Age,62-69,7,1,8
5,CALIMESA,Subpopulations,Jail Release 90 Days: (Unspecified),1,0,1
4,DESERT HOT SPRINGS,Age,0-5,0,0,0
2,NORCO,Race,Asian,0,0,0
3,HEMET,Subpopulations,Jail Release 12 Months: (Unspecified),3,0,3
5,BANNING,Race,White,19,1,20
2,CORONA,Race,Asian,2,0,2
1,Unincorporated,Subpopulations,Jail Release 90 Days: (Unspecified),0,0,0
4,RANCHO MIRAGE,Age,17 or under,0,0,0
4,DESERT HOT SPRINGS,Subpopulations,Victim of Domestic Violence*,1,0,1
4,PALM SPRINGS,Gender,Transgender,0,0,0
4,RANCHO MIRAGE,Gender,Blank,0,0,0
5,Unincorporated,Age,0-5,0,0,0
5,BANNING,Age,Blank,1,0,1
3,Unincorporated,Age,18-24,5,1,6
3,Unincorporated,Age,70-79,1,0,1
4,Unincorporated,Subpopulations,Alcohol Use,5,0,5
2,RIVERSIDE,Ethnicity,Hispanic or Latino,34,15,50
2,EASTVALE,Subpopulations,Alcohol Use,0,0,0
1,LAKE ELSINORE,Subpopulations,Jail Release 12 Months: Parole,0,0,0
4,CATHEDRAL CITY,Race,White,19,6,25
5,MORENO VALLEY,Ethnicity,Don't Know/ Refused to Answer / Blank,1,4,5
1,RIVERSIDE,Subpopulations,AIDS or HIV,1,0,1
1,CANYON LAKE,Subpopulations,Jail Release 90 Days: (Unspecified),0,0,0
2,RIVERSIDE,Race,Black or African American,18,14,32
2,EASTVALE,Age,Adult,0,0,0
4,COACHELLA,Gender,Blank,0,3,3
4,BLYTHE,Age,25-49,17,5,22
2,EASTVALE,Age,Youth,0,0,0
1,WILDOMAR,Gender,TOTAL,9,6,15
1,LAKE ELSINORE,Ethnicity,Hispanic or Latino,19,1,20
3,Unincorporated,Age,25-49,20,1,21
1,LAKE ELSINORE,Gender,Female,16,0,16
4,Unincorporated,Age,17 or under,0,0,0
4,Unincorporated,Subpopulations,Physical Disability,6,0,6
3,HEMET,Subpopulations,Chronically Homeless,10,0,10
5,BANNING,Subpopulations,Jail Release 90 Days: (Unspecified),2,0,2
4,LA QUINTA,Age,Youth,0,0,0
5,CALIMESA,Subpopulations,Jail Release 90 Days: Parole,0,0,0
2,RIVERSIDE,Subpopulations,Jail Release 12 Months: Parole,1,0,1
1,RIVERSIDE,Subpopulations,Jail Release 90 Days: Parole,2,0,2
5,MORENO VALLEY,Age,18-24,11,2,13
2,Unincorporated,Age,25-49,2,0,2
5,Unincorporated,Ethnicity,Not Hispanic or Latino,9,1,10
4,PALM DESERT,Age,18-24,2,0,2
2,Unincorporated,Age,80+,0,0,0
5,MENIFEE,Age,Blank,1,0,1
2,Unincorporated,Race,Don't Know/ Refused to Answer,0,0,0
3,TEMECULA,Subpopulations,AIDS or HIV,1,0,1
4,LA QUINTA,Age,80+,0,0,0
2,EASTVALE,Subpopulations,AIDS or HIV,0,0,0
4,RANCHO MIRAGE,Age,70-79,0,0,0
3,TEMECULA,Subpopulations,Mental Health Conditions,14,0,14
5,Unincorporated,Race,Don't Know/ Refused to Answer,0,0,0
3,SAN JACINTO,Gender,Male,5,2,7
3,TEMECULA,Race,Multiple Races,3,0,3
4,RANCHO MIRAGE,Gender,Transgender,0,0,0
5,PERRIS,Subpopulations,Chronically Homeless,30,0,30
4,COACHELLA,Subpopulations,Jail Release 12 Months: Parole,0,0,0
2,CORONA,Gender,Blank,0,0,0
5,MENIFEE,Race,"Native Hawaiian, Pacific Islander",0,0,0
3,Unincorporated,Race,TOTAL,35,2,37
2,CORONA,Subpopulations,Chronically Homeless,8,0,8
4,INDIO,Age,80+,0,0,0
5,Unincorporated,Subpopulations,Brain Injury,4,0,4
5,BEAUMONT,Subpopulations,Veterans,1,0,1
5,BEAUMONT,Ethnicity,Not Hispanic or Latino,6,4,10
2,CORONA,Age,62-69,0,0,0
5,MORENO VALLEY,Age,62-69,2,1,3
2,NORCO,Gender,Blank,0,0,0
3,SAN JACINTO,Age,25-49,5,0,5
5,CALIMESA,Gender,TOTAL,7,2,9
4,RANCHO MIRAGE,Subpopulations,Physical Disability,1,0,1
1,WILDOMAR,Age,25-49,5,3,8
3,SAN JACINTO,Subpopulations,Jail Release 90 Days: Parole,0,0,0
3,HEMET,Age,70-79,2,0,2
2,CORONA,Ethnicity,Not Hispanic or Latino,37,2,39
4,DESERT HOT SPRINGS,Subpopulations,Drug Use,14,0,14
2,JURUPA VALLEY,Gender,Male,64,15,79
1,WILDOMAR,Race,American Indian or Alaska Native,1,0,1
5,PERRIS,Ethnicity,TOTAL,67,28,95
1,RIVERSIDE,Gender,Female,38,23,60
2,CORONA,Race,TOTAL,58,14,72
3,SAN JACINTO,Age,Blank,0,0,0
5,CALIMESA,Age,62-69,0,0,0
5,Unincorporated,Age,17 or under,0,0,0
4,BLYTHE,Subpopulations,Jail Release 12 Months: (Unspecified),2,0,2
3,Unincorporated,Gender,Gender Non-Conforming,0,0,0
3,MURRIETA,Race,Black or African American,1,0,1
4,CATHEDRAL CITY,Subpopulations,Families with Children,0,0,0
5,MENIFEE,Race,American Indian or Alaska Native,1,0,1
2,RIVERSIDE,Age,Adult,77,58,135
4,LA QUINTA,Subpopulations,Jail Release 12 Months: Parole,0,0,0
2,NORCO,Gender,Transgender,0,0,0
5,CALIMESA,Race,Black or African American,0,0,0
3,Unincorporated,Gender,Female,12,0,12
4,INDIO,Subpopulations,Chronically Homeless,15,0,15
3,MURRIETA,Ethnicity,Blank,0,1,1
4,LA QUINTA,Ethnicity,Not Hispanic or Latino,3,1,4
4,Unincorporated,Age,80+,0,0,0
4,BLYTHE,Race,"Native Hawaiian, Pacific Islander",1,0,1
1,CANYON LAKE,Subpopulations,Chronically Homeless,0,0,0
4,Unincorporated,Subpopulations,Jail Release 12 Months: (Unspecified),3,0,3
4,RANCHO MIRAGE,Race,Multiple Races,0,0,0
5,BANNING,Ethnicity,Blank,2,3,5
3,HEMET,Age,18-24,10,6,16
4,COACHELLA,Subpopulations,Drug Use,15,0,15
4,INDIO,Subpopulations,TOTAL,92,0,92
1,LAKE ELSINORE,Age,Adult,64,1,65
2,EASTVALE,Race,Don't Know/ Refused to Answer,0,0,0
2,NORCO,Ethnicity,Blank,0,0,0
5,BANNING,Age,70-79,0,0,0
5,CALIMESA,Ethnicity,Blank,0,0,0
4,DESERT HOT SPRINGS,Ethnicity,TOTAL,54,4,58
5,BEAUMONT,Subpopulations,Jail Release 12 Months: (Unspecified),0,0,0
3,TEMECULA,Gender,Transgender,0,0,0
4,LA QUINTA,Ethnicity,Hispanic or Latino,0,0,0
1,WILDOMAR,Ethnicity,TOTAL,9,6,15
5,BEAUMONT,Subpopulations,AIDS or HIV,0,0,0
4,BLYTHE,Gender,Gender Non-Conforming,0,0,0
2,EASTVALE,Gender,Blank,0,0,0
4,COACHELLA,Subpopulations,Jail Release 90 Days: Parole,1,0,1
5,BANNING,Subpopulations,Physical Disability,11,0,11
2,CORONA,Age,Children,1,0,1
3,MURRIETA,Age,70-79,1,0,1
5,BANNING,Age,0-5,0,0,0
5,BANNING,Ethnicity,Not Hispanic or Latino,26,1,27
1,LAKE ELSINORE,Race,Don't Know/ Refused to Answer,2,0,2
4,PALM SPRINGS,Subpopulations,Brain Injury,26,0,26
3,Unincorporated,Race,Black or African American,4,0,4
4,INDIO,Race,Don't Know/ Refused to Answer,11,3,14
5,BEAUMONT,Ethnicity,Blank,0,0,0
3,TEMECULA,Subpopulations,Jail Release 12 Months: Probation,3,0,3
2,NORCO,Ethnicity,Hispanic or Latino,1,0,1
2,Unincorporated,Total Unsheltered Homeless Individuals,TOTAL,4,0,4
5,PERRIS,Age,18-24,6,3,9
3,SAN JACINTO,Total Unsheltered Homeless Individuals,TOTAL,7,2,9
2,NORCO,Gender,Female,2,0,2
2,CORONA,Ethnicity,Hispanic or Latino,21,3,24
5,PERRIS,Age,Children,0,0,0
4,LA QUINTA,Subpopulations,Brain Injury,0,0,0
2,CORONA,Subpopulations,Jail Release 90 Days: (Unspecified),7,0,7
1,WILDOMAR,Total Unsheltered Homeless Individuals,TOTAL,9,6,15
1,Unincorporated,Race,White,9,0,9
1,Unincorporated,Age,62-69,1,0,1
3,MURRIETA,Subpopulations,Brain Injury,1,0,1
1,RIVERSIDE,Gender,Blank,2,4,5
5,BANNING,Ethnicity,Hispanic or Latino,5,0,5
2,CORONA,Age,18-24,2,5,7
5,MENIFEE,Age,70-79,1,0,1
5,PERRIS,Age,25-49,37,24,61
5,CALIMESA,Age,17 or under,0,0,0
4,PALM SPRINGS,Subpopulations,AIDS or HIV,9,0,9
4,COACHELLA,Race,TOTAL,51,24,75
4,RANCHO MIRAGE,Age,Blank,0,0,0
5,BEAUMONT,Age,25-49,7,4,11
5,BANNING,Total Unsheltered Homeless Individuals,TOTAL,33,4,37
4,BLYTHE,Race,TOTAL,37,17,54
4,INDIO,Race,White,16,4,20
1,RIVERSIDE,Race,American Indian or Alaska Native,7,0,7
2,NORCO,Subpopulations,PTSD,1,0,1
5,PERRIS,Age,Blank,2,0,2
4,PALM SPRINGS,Age,80+,1,0,1
4,COACHELLA,Subpopulations,Jail Release 90 Days: (Unspecified),0,0,0
2,CORONA,Subpopulations,Jail Release 90 Days: Probation,0,0,0
2,NORCO,Subpopulations,Jail Release 90 Days: (Unspecified),0,0,0
4,PALM DESERT,Age,62-69,2,1,3
1,WILDOMAR,Subpopulations,Drug Use,3,0,3
2,RIVERSIDE,Race,Multiple Races,1,0,1
4,COACHELLA,Subpopulations,Victim of Domestic Violence*,3,0,3
4,Unincorporated,Ethnicity,Hispanic or Latino,13,1,14
4,Unincorporated,Gender,Transgender,0,0,0
5,MENIFEE,Subpopulations,Jail Release 12 Months: (Unspecified),4,0,4
3,Unincorporated,Subpopulations,Mental Health Conditions,15,0,15
5,CALIMESA,Race,Blank,0,0,0
1,RIVERSIDE,Subpopulations,TOTAL,273,0,273
2,JURUPA VALLEY,Total Unsheltered Homeless Individuals,TOTAL,102,46,148
1,CANYON LAKE,Subpopulations,Jail Release 12 Months: (Unspecified),0,0,0
2,NORCO,Age,Adult,3,1,4
3,HEMET,Gender,Transgender,1,0,1
4,PALM DESERT,Subpopulations,Jail Release 90 Days: (Unspecified),3,0,3
5,PERRIS,Age,80+,0,0,0
4,COACHELLA,Race,American Indian or Alaska Native,1,0,1
4,PALM SPRINGS,Gender,Don't Know/ Refused to Answer / Blank,1,0,1
4,LA QUINTA,Age,17 or under,0,0,0
2,NORCO,Race,Don't Know/ Refused to Answer,0,0,0
2,EASTVALE,Subpopulations,Developmental Disability,0,0,0
4,LA QUINTA,Gender,TOTAL,3,1,4
5,CALIMESA,Race,Asian,0,0,0
2,JURUPA VALLEY,Age,80+,0,0,0
4,COACHELLA,Subpopulations,Jail Release 12 Months: Probation,3,0,3
4,CATHEDRAL CITY,Subpopulations,Veterans,3,0,3
4,PALM DESERT,Gender,Transgender,1,0,1
4,Unincorporated,Gender,Female,7,0,7
3,HEMET,Gender,Blank,2,2,4
5,CALIMESA,Age,18-24,0,0,0
3,TEMECULA,Subpopulations,Jail Release 12 Months: (Unspecified),1,0,1
4,BLYTHE,Race,Multiple Races,0,0,0
4,Unincorporated,Ethnicity,Not Hispanic or Latino,11,2,13
5,PERRIS,Gender,Don't Know/ Refused to Answer / Blank,0,1,1
5,Unincorporated,Subpopulations,Families with Children,0,0,0
5,MORENO VALLEY,Subpopulations,Drug Use,20,0,20
4,RANCHO MIRAGE,Age,18-24,1,0,1
2,RIVERSIDE,Ethnicity,TOTAL,109,73,183
3,TEMECULA,Race,Asian,1,1,2
3,HEMET,Race,Multiple Races,0,0,0
1,LAKE ELSINORE,Ethnicity,Blank,5,0,5
4,PALM SPRINGS,Race,American Indian or Alaska Native,4,0,4
5,MENIFEE,Subpopulations,Families with Children,0,0,0
2,NORCO,Subpopulations,Brain Injury,1,0,1
5,MENIFEE,Subpopulations,TOTAL,58,0,58
4,LA QUINTA,Subpopulations,Alcohol Use,1,0,1
1,WILDOMAR,Race,Multiple Races,0,0,0
2,Unincorporated,Gender,Gender Non-Conforming,0,0,0
5,CALIMESA,Subpopulations,Jail Release 12 Months: Probation,0,0,0
1,LAKE ELSINORE,Gender,Gender Non-Conforming,0,0,0
4,CATHEDRAL CITY,Subpopulations,Jail Release 90 Days: Probation,1,0,1
4,LA QUINTA,Age,50-61,0,0,0
4,RANCHO MIRAGE,Subpopulations,PTSD,2,0,2
5,MENIFEE,Subpopulations,PTSD,4,0,4
5,Unincorporated,Age,25-49,9,0,9
4,BLYTHE,Race,Don't Know/ Refused to Answer,1,6,7
1,LAKE ELSINORE,Subpopulations,Veterans,5,0,5
4,LA QUINTA,Total Unsheltered Homeless Individuals,TOTAL,3,1,4
3,TEMECULA,Race,Blank,2,0,2
3,TEMECULA,Age,Adult,44,12,56
5,Unincorporated,Race,White,5,1,6
3,SAN JACINTO,Age,17 or under,0,0,0
4,PALM DESERT,Subpopulations,Brain Injury,11,0,11
3,HEMET,Subpopulations,Veterans,5,0,5
3,Unincorporated,Subpopulations,AIDS or HIV,0,0,0
3,Unincorporated,Age,Youth,5,1,6
5,CALIMESA,Age,0-5,0,0,0
5,BEAUMONT,Age,Youth,1,0,1
2,RIVERSIDE,Subpopulations,Chronically Homeless,33,0,33
4,DESERT HOT SPRINGS,Age,Blank,1,2,3
2,JURUPA VALLEY,Subpopulations,Jail Release 90 Days: Probation,5,0,5
2,RIVERSIDE,Race,Don't Know/ Refused to Answer,12,30,42
5,BEAUMONT,Subpopulations,Jail Release 90 Days: (Unspecified),0,0,0
1,WILDOMAR,Subpopulations,Jail Release 90 Days: Probation,0,0,0
3,SAN JACINTO,Ethnicity,Not Hispanic or Latino,4,2,6
2,JURUPA VALLEY,Subpopulations,Victim of Domestic Violence*,2,0,2
1,RIVERSIDE,Race,Multiple Races,2,0,2
4,BLYTHE,Subpopulations,Jail Release 12 Months: Parole,1,0,1
4,BLYTHE,Race,Black or African American,4,1,5
2,EASTVALE,Age,18-24,0,0,0
5,Unincorporated,Subpopulations,Alcohol Use,3,0,3
1,CANYON LAKE,Race,White,0,0,0
3,TEMECULA,Subpopulations,Brain Injury,7,0,7
1,Unincorporated,Ethnicity,Blank,3,0,3
5,MENIFEE,Subpopulations,Jail Release 12 Months: Probation,1,0,1
2,EASTVALE,Subpopulations,TOTAL,0,0,0
1,WILDOMAR,Age,0-5,0,0,0
4,DESERT HOT SPRINGS,Gender,TOTAL,54,4,58
4,DESERT HOT SPRINGS,Race,TOTAL,54,4,58
3,MURRIETA,Subpopulations,Families with Children,1,0,1
3,Unincorporated,Age,Children,0,0,0
4,Unincorporated,Age,50-61,8,1,9
2,Unincorporated,Race,Blank,0,0,0
1,CANYON LAKE,Subpopulations,Jail Release 90 Days: Parole,0,0,0
2,NORCO,Race,Multiple Races,0,0,0
4,PALM SPRINGS,Total Unsheltered Homeless Individuals,TOTAL,97,29,126
5,MORENO VALLEY,Gender,Male,43,10,53
1,RIVERSIDE,Subpopulations,Victim of Domestic Violence*,11,0,11
5,BANNING,Race,Blank,0,0,0
2,NORCO,Age,Children,0,0,0
2,JURUPA VALLEY,Gender,Gender Non-Conforming,0,0,0
2,Unincorporated,Subpopulations,Chronically Homeless,3,0,3
5,MORENO VALLEY,Subpopulations,PTSD,13,0,13
5,PERRIS,Age,17 or under,0,0,0
2,JURUPA VALLEY,Race,"Native Hawaiian, Pacific Islander",1,0,1
2,NORCO,Age,TOTAL,3,1,4
4,COACHELLA,Subpopulations,TOTAL,87,0,87
4,PALM SPRINGS,Subpopulations,Families with Children,0,0,0
2,JURUPA VALLEY,Race,Black or African American,11,1,12
2,NORCO,Subpopulations,Mental Health Conditions,2,0,2
5,MORENO VALLEY,Subpopulations,Victim of Domestic Violence*,4,0,4
5,MORENO VALLEY,Subpopulations,Jail Release 90 Days: Probation,4,0,4
2,JURUPA VALLEY,Age,TOTAL,102,46,148
2,Unincorporated,Subpopulations,Mental Health Conditions,0,0,0
4,CATHEDRAL CITY,Gender,Female,8,1,9
5,MORENO VALLEY,Subpopulations,Jail Release 90 Days: (Unspecified),5,0,5
1,CANYON LAKE,Total Unsheltered Homeless Individuals,TOTAL,0,0,0
1,Unincorporated,Ethnicity,Not Hispanic or Latino,11,0,11
1,RIVERSIDE,Subpopulations,Jail Release 90 Days: Probation,6,0,6
5,BANNING,Subpopulations,PTSD,10,0,10
2,CORONA,Race,White,34,4,38
2,JURUPA VALLEY,Race,Blank,8,1,9
1,Unincorporated,Ethnicity,Hispanic or Latino,1,1,2
4,LA QUINTA,Ethnicity,Blank,0,0,0
4,LA QUINTA,Subpopulations,AIDS or HIV,0,0,0
5,BANNING,Subpopulations,Mental Health Conditions,9,0,9
3,MURRIETA,Ethnicity,Not Hispanic or Latino,11,7,18
5,MORENO VALLEY,Race,Blank,3,1,4
4,LA QUINTA,Age,Blank,0,0,0
5,BANNING,Race,Multiple Races,2,0,2
4,BLYTHE,Subpopulations,Drug Use,14,0,14
5,CALIMESA,Total Unsheltered Homeless Individuals,TOTAL,7,2,9
1,CANYON LAKE,Subpopulations,PTSD,0,0,0
4,BLYTHE,Subpopulations,Mental Health Conditions,7,0,7
5,MENIFEE,Ethnicity,Blank,2,3,5
4,DESERT HOT SPRINGS,Ethnicity,Not Hispanic or Latino,33,4,37
1,CANYON LAKE,Race,Asian,0,0,0
1,LAKE ELSINORE,Age,TOTAL,73,2,75
2,JURUPA VALLEY,Ethnicity,Not Hispanic or Latino,63,12,75
3,SAN JACINTO,Age,Adult,7,2,9
2,NORCO,Race,TOTAL,3,1,4
4,PALM DESERT,Gender,Female,8,2,10
4,PALM SPRINGS,Age,Adult,86,26,112
4,INDIO,Gender,Female,13,2,15
1,CANYON LAKE,Subpopulations,Families with Children,0,0,0
1,RIVERSIDE,Subpopulations,Brain Injury,13,0,13
2,RIVERSIDE,Subpopulations,Families with Children,0,0,0
4,RANCHO MIRAGE,Age,Adult,6,0,6
4,LA QUINTA,Subpopulations,Physical Disability,2,0,2
3,TEMECULA,Age,0-5,0,0,0
5,MENIFEE,Gender,TOTAL,18,4,22
5,BEAUMONT,Race,"Native Hawaiian, Pacific Islander",0,0,0
5,BEAUMONT,Age,18-24,1,0,1
5,PERRIS,Subpopulations,Drug Use,30,0,30
5,BEAUMONT,Race,TOTAL,9,4,13
4,Unincorporated,Subpopulations,TOTAL,62,0,62
1,Unincorporated,Subpopulations,Jail Release 90 Days: Probation,0,0,0
3,MURRIETA,Subpopulations,Physical Disability,3,0,3
2,JURUPA VALLEY,Race,American Indian or Alaska Native,7,0,7
4,BLYTHE,Age,Youth,0,0,0
4,PALM DESERT,Age,0-5,0,0,0
4,CATHEDRAL CITY,Ethnicity,Hispanic or Latino,10,6,16
5,MENIFEE,Subpopulations,Jail Release 90 Days: (Unspecified),2,0,2
2,NORCO,Race,"Native Hawaiian, Pacific Islander",0,0,0
3,HEMET,Subpopulations,Alcohol Use,12,0,12
1,LAKE ELSINORE,Subpopulations,Families with Children,0,0,0
3,SAN JACINTO,Subpopulations,Jail Release 12 Months: Parole,0,0,0
2,EASTVALE,Ethnicity,TOTAL,0,0,0
3,SAN JACINTO,Gender,Blank,0,0,0
2,RIVERSIDE,Subpopulations,Mental Health Conditions,37,0,37
4,Unincorporated,Subpopulations,Jail Release 90 Days: Probation,3,0,3
4,PALM SPRINGS,Subpopulations,TOTAL,281,0,281
4,RANCHO MIRAGE,Subpopulations,Jail Release 12 Months: Probation,0,0,0
2,EASTVALE,Age,Blank,0,0,0
4,LA QUINTA,Race,Don't Know/ Refused to Answer,0,0,0
5,CALIMESA,Race,Multiple Races,0,0,0
2,NORCO,Subpopulations,Jail Release 12 Months: (Unspecified),0,0,0
3,SAN JACINTO,Age,18-24,0,0,0
2,JURUPA VALLEY,Subpopulations,Jail Release 90 Days: (Unspecified),3,0,3
1,WILDOMAR,Age,80+,0,0,0
3,MURRIETA,Total Unsheltered Homeless Individuals,TOTAL,11,8,19
1,WILDOMAR,Subpopulations,TOTAL,19,0,19
4,BLYTHE,Gender,Female,10,8,18
5,MENIFEE,Gender,Male,14,2,16
2,EASTVALE,Subpopulations,Jail Release 90 Days: Parole,0,0,0
4,CATHEDRAL CITY,Age,70-79,0,0,0
2,RIVERSIDE,Subpopulations,AIDS or HIV,1,0,1
4,Unincorporated,Race,"Native Hawaiian, Pacific Islander",0,0,0
4,INDIO,Subpopulations,Jail Release 12 Months: Probation,0,0,0
1,Unincorporated,Subpopulations,TOTAL,14,0,14
5,CALIMESA,Subpopulations,Drug Use,1,0,1
2,EASTVALE,Subpopulations,Families with Children,0,0,0
3,SAN JACINTO,Race,White,3,2,5
5,CALIMESA,Race,White,6,2,8
4,PALM DESERT,Subpopulations,PTSD,13,0,13
2,JURUPA VALLEY,Age,18-24,14,5,19
3,TEMECULA,Subpopulations,Alcohol Use,11,0,11
2,RIVERSIDE,Age,50-61,21,14,35
5,BEAUMONT,Race,Asian,0,0,0
4,RANCHO MIRAGE,Race,Blank,0,0,0
2,CORONA,Age,TOTAL,58,14,72
4,LA QUINTA,Race,Asian,1,0,1
1,CANYON LAKE,Ethnicity,Hispanic or Latino,0,0,0
5,MENIFEE,Age,62-69,2,0,2
2,Unincorporated,Age,70-79,0,0,0
3,HEMET,Age,0-5,0,0,0
5,CALIMESA,Race,Don't Know/ Refused to Answer,1,0,1
4,Unincorporated,Race,American Indian or Alaska Native,0,0,0
5,BANNING,Subpopulations,Jail Release 12 Months: Parole,0,0,0
4,PALM DESERT,Age,Adult,32,5,37
1,LAKE ELSINORE,Subpopulations,Jail Release 90 Days: Parole,0,0,0
5,BEAUMONT,Subpopulations,Physical Disability,3,0,3
5,Unincorporated,Gender,Female,3,0,3
4,PALM DESERT,Subpopulations,Veterans,6,0,6
4,BLYTHE,Age,70-79,1,0,1
4,CATHEDRAL CITY,Age,Adult,28,13,41
1,CANYON LAKE,Subpopulations,Alcohol Use,0,0,0
4,PALM DESERT,Subpopulations,AIDS or HIV,2,0,2
4,Unincorporated,Subpopulations,Brain Injury,2,0,2
3,TEMECULA,Ethnicity,Blank,2,5,7
4,RANCHO MIRAGE,Subpopulations,Jail Release 12 Months: Parole,0,0,0
3,SAN JACINTO,Age,TOTAL,7,2,9
5,MENIFEE,Age,18-24,0,0,0
4,PALM SPRINGS,Subpopulations,Victim of Domestic Violence*,15,0,15
5,BEAUMONT,Subpopulations,Families with Children,0,0,0
5,BEAUMONT,Ethnicity,TOTAL,9,4,13
1,LAKE ELSINORE,Subpopulations,Physical Disability,22,0,22
4,BLYTHE,Subpopulations,PTSD,8,0,8
2,JURUPA VALLEY,Ethnicity,TOTAL,102,46,148
2,Unincorporated,Subpopulations,Jail Release 90 Days: Parole,0,0,0
1,RIVERSIDE,Subpopulations,Jail Release 12 Months: (Unspecified),5,0,5
3,TEMECULA,Gender,Male,35,12,47
5,PERRIS,Race,Multiple Races,0,0,0
5,Unincorporated,Age,50-61,2,0,2
3,Unincorporated,Gender,Transgender,2,0,2
5,MORENO VALLEY,Gender,Don't Know/ Refused to Answer / Blank,1,0,1
4,INDIO,Age,Adult,36,5,41
5,Unincorporated,Gender,Transgender,0,0,0
4,COACHELLA,Subpopulations,Mental Health Conditions,5,0,5
5,PERRIS,Gender,Female,20,6,26
3,MURRIETA,Ethnicity,TOTAL,11,8,19
1,Unincorporated,Race,Asian,0,0,0
4,PALM DESERT,Age,80+,0,0,0
5,MORENO VALLEY,Subpopulations,Jail Release 12 Months: (Unspecified),4,0,4
2,EASTVALE,Gender,Male,0,0,0
5,MENIFEE,Subpopulations,Alcohol Use,7,0,7
3,Unincorporated,Age,62-69,0,0,0
5,Unincorporated,Age,70-79,0,0,0
5,Unincorporated,Gender,Blank,0,0,0
5,MORENO VALLEY,Subpopulations,Mental Health Conditions,12,0,12
4,PALM SPRINGS,Age,62-69,6,2,8
2,RIVERSIDE,Subpopulations,Veterans,11,0,11
4,BLYTHE,Subpopulations,Developmental Disability,2,0,2
3,HEMET,Subpopulations,Jail Release 12 Months: Parole,0,0,0
4,COACHELLA,Subpopulations,AIDS or HIV,0,0,0
3,SAN JACINTO,Subpopulations,Alcohol Use,2,0,2
4,Unincorporated,Age,Children,0,0,0
3,MURRIETA,Race,TOTAL,11,8,19
4,RANCHO MIRAGE,Age,Youth,1,0,1
5,PERRIS,Subpopulations,Developmental Disability,9,0,9
4,PALM SPRINGS,Age,Blank,7,0,7
2,EASTVALE,Race,Black or African American,0,0,0
1,RIVERSIDE,Race,Black or African American,18,14,32
5,PERRIS,Subpopulations,AIDS or HIV,0,0,0
1,LAKE ELSINORE,Subpopulations,Chronically Homeless,21,0,21
4,BLYTHE,Age,17 or under,0,0,0
2,CORONA,Subpopulations,Developmental Disability,7,0,7
1,RIVERSIDE,Age,50-61,21,15,36
2,CORONA,Subpopulations,AIDS or HIV,0,0,0
2,Unincorporated,Age,Youth,1,0,1
5,MORENO VALLEY,Gender,Gender Non-Conforming,0,0,0
5,PERRIS,Subpopulations,Jail Release 90 Days: Parole,0,0,0
1,Unincorporated,Age,TOTAL,15,1,16
1,Unincorporated,Subpopulations,Alcohol Use,2,0,2
4,Unincorporated,Age,25-49,11,3,14
1,Unincorporated,Age,80+,0,0,0
4,BLYTHE,Subpopulations,Jail Release 90 Days: Parole,0,0,0
3,SAN JACINTO,Subpopulations,Drug Use,3,0,3
4,DESERT HOT SPRINGS,Age,Children,1,0,1
3,HEMET,Ethnicity,Don't Know/ Refused to Answer / Blank,5,9,14
3,HEMET,Race,TOTAL,48,35,83
2,RIVERSIDE,Age,70-79,0,1,1
5,MENIFEE,Subpopulations,Drug Use,5,0,5
5,MENIFEE,Gender,Blank,0,0,0
5,Unincorporated,Age,Adult,14,1,15
4,COACHELLA,Gender,Female,14,3,17
5,CALIMESA,Subpopulations,Chronically Homeless,3,0,3
4,PALM SPRINGS,Subpopulations,Drug Use,38,0,38
4,PALM SPRINGS,Race,Blank,7,0,7
2,NORCO,Subpopulations,Developmental Disability,0,0,0
5,BANNING,Age,Youth,0,0,0
2,JURUPA VALLEY,Subpopulations,AIDS or HIV,0,0,0
3,Unincorporated,Gender,Blank,3,0,3
4,Unincorporated,Gender,Male,18,5,23
5,PERRIS,Race,TOTAL,67,28,95
4,PALM DESERT,Age,TOTAL,38,5,43
1,LAKE ELSINORE,Race,Blank,10,0,10
1,CANYON LAKE,Gender,Female,0,0,0
2,NORCO,Subpopulations,Victim of Domestic Violence*,0,0,0
5,BANNING,Gender,Transgender,0,0,0
3,MURRIETA,Subpopulations,TOTAL,23,0,23
4,COACHELLA,Age,70-79,2,0,2
2,RIVERSIDE,Ethnicity,Blank,5,22,27
3,HEMET,Gender,Male,26,20,46
4,CATHEDRAL CITY,Subpopulations,Jail Release 90 Days: Parole,0,0,0
2,EASTVALE,Race,White,0,0,0
2,Unincorporated,Subpopulations,Jail Release 12 Months: (Unspecified),1,0,1
1,Unincorporated,Age,25-49,7,1,8
4,COACHELLA,Age,Children,0,0,0
5,MENIFEE,Age,17 or under,0,0,0
5,BEAUMONT,Subpopulations,Jail Release 90 Days: Probation,1,0,1
2,JURUPA VALLEY,Subpopulations,Mental Health Conditions,17,0,17
2,Unincorporated,Age,0-5,0,0,0
1,WILDOMAR,Subpopulations,Alcohol Use,1,0,1
2,CORONA,Age,Blank,4,1,5
2,EASTVALE,Subpopulations,Jail Release 12 Months: Parole,0,0,0
2,Unincorporated,Subpopulations,Families with Children,0,0,0
5,BEAUMONT,Race,American Indian or Alaska Native,1,0,1
1,WILDOMAR,Race,White,6,5,11
3,HEMET,Age,TOTAL,48,35,83
1,CANYON LAKE,Ethnicity,Not Hispanic or Latino,0,0,0
3,HEMET,Subpopulations,Jail Release 90 Days: (Unspecified),12,0,12
5,MORENO VALLEY,Subpopulations,Jail Release 90 Days: Parole,0,0,0
4,DESERT HOT SPRINGS,Age,18-24,2,0,2
4,BLYTHE,Race,White,20,8,28
2,Unincorporated,Subpopulations,PTSD,0,0,0
5,CALIMESA,Race,American Indian or Alaska Native,0,0,0
3,SAN JACINTO,Race,American Indian or Alaska Native,1,0,1
4,Unincorporated,Gender,TOTAL,25,5,30
3,SAN JACINTO,Age,Youth,0,0,0
1,CANYON LAKE,Age,Youth,0,0,0
2,RIVERSIDE,Age,Blank,8,3,11
4,INDIO,Age,TOTAL,41,9,50
5,MORENO VALLEY,Total Unsheltered Homeless Individuals,TOTAL,61,16,77
4,LA QUINTA,Race,American Indian or Alaska Native,1,0,1
3,HEMET,Subpopulations,Brain Injury,9,0,9
5,BANNING,Age,62-69,3,0,3
5,MORENO VALLEY,Age,80+,0,0,0
4,DESERT HOT SPRINGS,Age,25-49,28,1,29
2,JURUPA VALLEY,Subpopulations,Physical Disability,24,0,24
5,Unincorporated,Race,Blank,1,0,1
3,Unincorporated,Subpopulations,Jail Release 12 Months: Probation,0,0,0
2,EASTVALE,Ethnicity,Hispanic or Latino,0,0,0
5,MENIFEE,Subpopulations,Jail Release 90 Days: Probation,1,0,1
1,CANYON LAKE,Age,Blank,0,0,0
5,MENIFEE,Subpopulations,Victim of Domestic Violence*,2,0,2
5,BEAUMONT,Subpopulations,Victim of Domestic Violence*,0,0,0
4,PALM SPRINGS,Subpopulations,Jail Release 12 Months: (Unspecified),9,0,9
4,Unincorporated,Subpopulations,Developmental Disability,4,0,4
2,RIVERSIDE,Subpopulations,Alcohol Use,24,0,24
2,NORCO,Age,0-5,0,0,0
2,NORCO,Subpopulations,Physical Disability,1,0,1
5,BEAUMONT,Age,50-61,1,0,1
3,MURRIETA,Age,Youth,0,2,2
5,BANNING,Race,TOTAL,33,4,37
4,PALM DESERT,Gender,Male,28,3,31
3,SAN JACINTO,Subpopulations,Veterans,1,0,1
3,SAN JACINTO,Subpopulations,Jail Release 90 Days: (Unspecified),4,0,4
2,JURUPA VALLEY,Subpopulations,Jail Release 90 Days: Parole,2,0,2
4,Unincorporated,Age,0-5,0,0,0
2,Unincorporated,Race,White,3,0,3
4,PALM SPRINGS,Race,"Native Hawaiian, Pacific Islander",4,0,4
4,COACHELLA,Age,25-49,26,19,45
4,PALM DESERT,Total Unsheltered Homeless Individuals,TOTAL,38,5,43
2,NORCO,Subpopulations,Drug Use,1,0,1
4,INDIO,Gender,TOTAL,41,9,50
4,DESERT HOT SPRINGS,Subpopulations,Jail Release 12 Months: Parole,0,0,0
4,DESERT HOT SPRINGS,Age,TOTAL,54,4,58
5,PERRIS,Subpopulations,Jail Release 12 Months: Parole,0,0,0
4,CATHEDRAL CITY,Subpopulations,AIDS or HIV,1,0,1
1,CANYON LAKE,Race,Multiple Races,0,0,0
4,RANCHO MIRAGE,Subpopulations,Mental Health Conditions,0,0,0
2,Unincorporated,Age,TOTAL,4,0,4
4,CATHEDRAL CITY,Subpopulations,Mental Health Conditions,9,0,9
4,INDIO,Age,Children,0,0,0
4,COACHELLA,Subpopulations,Chronically Homeless,11,0,11
4,PALM DESERT,Subpopulations,TOTAL,113,0,113
1,RIVERSIDE,Race,White,57,27,84
4,COACHELLA,Subpopulations,Alcohol Use,6,0,6
2,EASTVALE,Total Unsheltered Homeless Individuals,TOTAL,0,0,0
3,SAN JACINTO,Age,50-61,2,0,2
4,PALM SPRINGS,Gender,Gender Non-Conforming,2,0,2
4,CATHEDRAL CITY,Total Unsheltered Homeless Individuals,TOTAL,32,14,46
4,RANCHO MIRAGE,Age,50-61,5,0,5
1,WILDOMAR,Age,18-24,0,0,0
2,CORONA,Subpopulations,Alcohol Use,5,0,5
3,SAN JACINTO,Gender,Gender Non-Conforming,0,0,0
4,DESERT HOT SPRINGS,Race,Blank,4,0,4
4,COACHELLA,Ethnicity,TOTAL,51,24,75
3,SAN JACINTO,Age,70-79,0,0,0
3,Unincorporated,Race,Asian,0,0,0
4,Unincorporated,Race,Black or African American,2,0,2
3,Unincorporated,Subpopulations,Chronically Homeless,13,0,13
1,WILDOMAR,Gender,Transgender,0,0,0
1,Unincorporated,Age,0-5,0,0,0
1,RIVERSIDE,Gender,Transgender,1,0,1
4,CATHEDRAL CITY,Gender,Male,24,12,36
3,Unincorporated,Subpopulations,TOTAL,66,0,66
4,CATHEDRAL CITY,Ethnicity,Don't Know/ Refused to Answer / Blank,1,5,6
2,JURUPA VALLEY,Race,White,62,13,75
3,MURRIETA,Age,Children,0,0,0
2,RIVERSIDE,Subpopulations,Victim of Domestic Violence*,11,0,11
4,DESERT HOT SPRINGS,Subpopulations,Jail Release 90 Days: (Unspecified),0,0,0
2,RIVERSIDE,Subpopulations,Jail Release 90 Days: Parole,2,0,2
5,Unincorporated,Subpopulations,Physical Disability,7,0,7
4,COACHELLA,Age,80+,0,0,0
4,CATHEDRAL CITY,Subpopulations,Jail Release 12 Months: Parole,0,0,0
5,CALIMESA,Age,Blank,0,0,0
2,NORCO,Age,Blank,0,0,0
2,RIVERSIDE,Subpopulations,Jail Release 90 Days: (Unspecified),4,0,4
5,PERRIS,Subpopulations,Mental Health Conditions,19,0,19
5,BEAUMONT,Subpopulations,Drug Use,4,0,4
1,RIVERSIDE,Subpopulations,Physical Disability,34,0,34
5,Unincorporated,Subpopulations,Jail Release 90 Days: Probation,0,0,0
2,CORONA,Gender,Transgender,0,0,0
5,MORENO VALLEY,Gender,Transgender,0,0,0
2,CORONA,Race,Don't Know/ Refused to Answer,1,4,5
4,LA QUINTA,Age,18-24,0,0,0
1,Unincorporated,Subpopulations,Jail Release 12 Months: Probation,0,0,0
5,CALIMESA,Gender,Female,2,0,2
1,LAKE ELSINORE,Subpopulations,Victim of Domestic Violence*,4,0,4
2,RIVERSIDE,Subpopulations,Physical Disability,33,0,33
4,DESERT HOT SPRINGS,Gender,Female,20,1,21
5,CALIMESA,Gender,Male,5,2,7
3,TEMECULA,Race,Black or African American,3,0,3
4,BLYTHE,Age,80+,0,0,0
1,Unincorporated,Race,Don't Know/ Refused to Answer,0,1,1
3,SAN JACINTO,Subpopulations,AIDS or HIV,0,0,0
1,Unincorporated,Gender,Transgender,0,0,0
4,RANCHO MIRAGE,Gender,Female,3,0,3
3,HEMET,Total Unsheltered Homeless Individuals,TOTAL,48,35,83
2,RIVERSIDE,Age,0-5,0,0,0
5,Unincorporated,Age,Children,0,0,0
1,WILDOMAR,Subpopulations,Jail Release 12 Months: Parole,0,0,0
3,Unincorporated,Subpopulations,Jail Release 12 Months: (Unspecified),1,0,1
4,PALM SPRINGS,Subpopulations,Jail Release 90 Days: Probation,6,0,6
1,LAKE ELSINORE,Race,White,48,2,50
1,WILDOMAR,Age,Blank,1,0,1
3,Unincorporated,Race,"Native Hawaiian, Pacific Islander",0,0,0
4,INDIO,Age,25-49,17,5,22
1,CANYON LAKE,Age,80+,0,0,0
1,LAKE ELSINORE,Ethnicity,Not Hispanic or Latino,49,1,50
5,BANNING,Age,Adult,32,4,36
4,INDIO,Subpopulations,Jail Release 90 Days: (Unspecified),2,0,2
4,BLYTHE,Ethnicity,Not Hispanic or Latino,27,10,37
5,CALIMESA,Subpopulations,Physical Disability,1,0,1
3,HEMET,Ethnicity,Not Hispanic or Latino,34,20,54
4,CATHEDRAL CITY,Subpopulations,Jail Release 12 Months: Probation,2,0,2
4,Unincorporated,Ethnicity,Blank,2,2,4
1,RIVERSIDE,Subpopulations,Chronically Homeless,33,0,33
2,Unincorporated,Ethnicity,Hispanic or Latino,0,0,0
1,RIVERSIDE,Subpopulations,Alcohol Use,24,0,24
5,BEAUMONT,Age,70-79,0,0,0
1,LAKE ELSINORE,Gender,Blank,3,0,3
4,PALM SPRINGS,Subpopulations,Jail Release 12 Months: Probation,0,0,0
1,WILDOMAR,Age,Youth,0,0,0
2,EASTVALE,Subpopulations,Physical Disability,0,0,0
4,Unincorporated,Subpopulations,Drug Use,9,0,9
1,LAKE ELSINORE,Race,Multiple Races,1,0,1
4,PALM DESERT,Age,70-79,0,0,0
5,MORENO VALLEY,Subpopulations,Jail Release 12 Months: Parole,0,0,0
4,DESERT HOT SPRINGS,Subpopulations,Alcohol Use,12,0,12
4,LA QUINTA,Subpopulations,TOTAL,12,0,12
2,RIVERSIDE,Gender,Gender Non-Conforming,0,0,0
4,CATHEDRAL CITY,Gender,Gender Non-Conforming,0,0,0
1,Unincorporated,Subpopulations,PTSD,2,0,2
2,NORCO,Subpopulations,Jail Release 12 Months: Parole,0,0,0
1,CANYON LAKE,Subpopulations,Jail Release 12 Months: Probation,0,0,0
1,Unincorporated,Subpopulations,Jail Release 90 Days: Parole,0,0,0
4,BLYTHE,Race,American Indian or Alaska Native,1,0,1
2,Unincorporated,Race,American Indian or Alaska Native,0,0,0
2,RIVERSIDE,Age,17 or under,0,0,0
2,EASTVALE,Age,TOTAL,0,0,0
3,SAN JACINTO,Race,Black or African American,0,0,0
4,Unincorporated,Subpopulations,Jail Release 90 Days: Parole,0,0,0
3,SAN JACINTO,Subpopulations,Physical Disability,3,0,3
3,SAN JACINTO,Gender,TOTAL,7,2,9
4,Unincorporated,Age,70-79,0,0,0
1,WILDOMAR,Subpopulations,Developmental Disability,1,0,1
5,MORENO VALLEY,Race,TOTAL,61,16,77
3,Unincorporated,Subpopulations,Jail Release 12 Months: Parole,0,0,0
3,TEMECULA,Age,Youth,5,3,8
4,CATHEDRAL CITY,Subpopulations,PTSD,9,0,9
2,EASTVALE,Ethnicity,Not Hispanic or Latino,0,0,0
5,BEAUMONT,Race,Black or African American,5,0,5
5,BANNING,Subpopulations,Drug Use,11,0,11
1,Unincorporated,Total Unsheltered Homeless Individuals,TOTAL,15,1,16
1,WILDOMAR,Race,"Native Hawaiian, Pacific Islander",1,0,1
1,RIVERSIDE,Subpopulations,Families with Children,0,0,0
1,LAKE ELSINORE,Age,Blank,5,1,6
4,DESERT HOT SPRINGS,Age,17 or under,1,0,1
3,Unincorporated,Ethnicity,Not Hispanic or Latino,24,0,24
4,INDIO,Age,0-5,0,0,0
4,LA QUINTA,Subpopulations,Victim of Domestic Violence*,1,0,1
2,EASTVALE,Age,0-5,0,0,0
4,LA QUINTA,Race,Black or African American,0,0,0
4,Unincorporated,Total Unsheltered Homeless Individuals,TOTAL,25,5,30
3,MURRIETA,Subpopulations,Victim of Domestic Violence*,2,0,2
2,Unincorporated,Subpopulations,Jail Release 12 Months: Probation,0,0,0
4,INDIO,Subpopulations,Alcohol Use,12,0,12
5,BEAUMONT,Race,Blank,3,0,3
3,SAN JACINTO,Subpopulations,Jail Release 12 Months: Probation,0,0,0
4,RANCHO MIRAGE,Subpopulations,AIDS or HIV,0,0,0
4,PALM SPRINGS,Race,Black or African American,10,4,14
3,HEMET,Subpopulations,AIDS or HIV,1,0,1
4,LA QUINTA,Race,Blank,0,0,0
3,HEMET,Race,Black or African American,4,4,8
4,INDIO,Race,"Native Hawaiian, Pacific Islander",4,0,4
2,EASTVALE,Subpopulations,Veterans,0,0,0
3,TEMECULA,Age,17 or under,0,0,0
1,WILDOMAR,Gender,Male,6,5,11
4,CATHEDRAL CITY,Subpopulations,Jail Release 12 Months: (Unspecified),6,0,6
4,Unincorporated,Subpopulations,PTSD,5,0,5
4,BLYTHE,Total Unsheltered Homeless Individuals,TOTAL,37,17,54
1,Unincorporated,Gender,TOTAL,15,1,16
2,JURUPA VALLEY,Subpopulations,Alcohol Use,20,0,20
2,RIVERSIDE,Age,80+,0,0,0
5,MORENO VALLEY,Race,Black or African American,15,5,20
4,CATHEDRAL CITY,Age,80+,0,0,0
4,Unincorporated,Subpopulations,Victim of Domestic Violence*,3,0,3
2,CORONA,Total Unsheltered Homeless Individuals,TOTAL,58,14,72
4,Unincorporated,Subpopulations,Jail Release 12 Months: Parole,0,0,0
3,TEMECULA,Ethnicity,TOTAL,51,15,66
4,DESERT HOT SPRINGS,Age,50-61,12,1,13
1,Unincorporated,Race,"Native Hawaiian, Pacific Islander",0,0,0
4,BLYTHE,Subpopulations,Families with Children,0,0,0
3,TEMECULA,Subpopulations,Jail Release 90 Days: Probation,10,0,10
4,PALM DESERT,Subpopulations,Alcohol Use,8,0,8
1,CANYON LAKE,Age,0-5,0,0,0
1,WILDOMAR,Age,70-79,0,0,0
2,EASTVALE,Gender,Female,0,0,0
1,CANYON LAKE,Subpopulations,Veterans,0,0,0
4,CATHEDRAL CITY,Age,Youth,1,0,1
5,MENIFEE,Subpopulations,Brain Injury,3,0,3
4,DESERT HOT SPRINGS,Age,70-79,1,0,1
5,PERRIS,Gender,TOTAL,67,28,95
1,LAKE ELSINORE,Subpopulations,TOTAL,173,0,173
3,TEMECULA,Age,TOTAL,51,15,66
5,BEAUMONT,Age,Children,0,0,0
5,CALIMESA,Ethnicity,Not Hispanic or Latino,7,2,9
3,HEMET,Age,Youth,10,6,16
1,LAKE ELSINORE,Subpopulations,Jail Release 90 Days: Probation,1,0,1
4,DESERT HOT SPRINGS,Subpopulations,TOTAL,105,0,105
4,PALM DESERT,Race,"Native Hawaiian, Pacific Islander",0,0,0
4,INDIO,Subpopulations,Mental Health Conditions,5,0,5
4,BLYTHE,Gender,Blank,0,2,2
4,PALM DESERT,Race,Black or African American,1,0,1
2,JURUPA VALLEY,Gender,Female,35,14,49
5,PERRIS,Subpopulations,Jail Release 90 Days: (Unspecified),3,0,3
5,BEAUMONT,Subpopulations,Chronically Homeless,4,0,4
2,NORCO,Age,17 or under,0,0,0
4,PALM SPRINGS,Race,TOTAL,97,29,126
5,BANNING,Subpopulations,Victim of Domestic Violence*,1,0,1
5,MENIFEE,Total Unsheltered Homeless Individuals,TOTAL,18,4,22
2,CORONA,Subpopulations,Veterans,3,0,3
1,CANYON LAKE,Subpopulations,Jail Release 90 Days: Probation,0,0,0
2,NORCO,Subpopulations,Families with Children,1,0,1
5,BANNING,Subpopulations,Jail Release 90 Days: Parole,0,0,0
2,RIVERSIDE,Subpopulations,TOTAL,272,0,272
5,PERRIS,Race,Blank,2,2,4
4,PALM SPRINGS,Subpopulations,Mental Health Conditions,34,0,34
3,Unincorporated,Subpopulations,Victim of Domestic Violence*,0,0,0
4,LA QUINTA,Subpopulations,Drug Use,0,0,0
5,CALIMESA,Subpopulations,TOTAL,11,0,11
3,MURRIETA,Race,Blank,0,1,1
1,WILDOMAR,Subpopulations,Jail Release 12 Months: Probation,0,0,0
5,CALIMESA,Subpopulations,Veterans,1,0,1
4,PALM DESERT,Ethnicity,Hispanic or Latino,9,1,10
4,CATHEDRAL CITY,Subpopulations,Brain Injury,7,0,7
4,LA QUINTA,Gender,Gender Non-Conforming,0,0,0
1,LAKE ELSINORE,Subpopulations,Jail Release 12 Months: (Unspecified),6,0,6
3,MURRIETA,Subpopulations,Drug Use,3,0,3
3,Unincorporated,Gender,Male,18,2,20
2,JURUPA VALLEY,Race,Don't Know/ Refused to Answer,7,30,37
4,CATHEDRAL CITY,Age,17 or under,0,0,0
1,WILDOMAR,Age,Adult,8,6,14
5,Unincorporated,Gender,Male,11,1,12
5,MENIFEE,Subpopulations,Veterans,4,0,4
4,PALM SPRINGS,Subpopulations,Jail Release 12 Months: Parole,0,0,0
2,CORONA,Age,25-49,28,4,32
4,CATHEDRAL CITY,Subpopulations,Chronically Homeless,9,0,9
5,MORENO VALLEY,Race,Don't Know/ Refused to Answer,14,4,18
5,MORENO VALLEY,Race,"Native Hawaiian, Pacific Islander",1,0,1
5,PERRIS,Race,Asian,1,0,1
4,COACHELLA,Race,Black or African American,0,0,0
5,MENIFEE,Ethnicity,Not Hispanic or Latino,12,1,13
1,WILDOMAR,Age,17 or under,0,0,0
3,MURRIETA,Race,Asian,0,1,1
5,MORENO VALLEY,Subpopulations,Brain Injury,11,0,11
2,Unincorporated,Age,18-24,1,0,1
3,MURRIETA,Gender,Transgender,0,0,0
4,PALM DESERT,Subpopulations,Victim of Domestic Violence*,3,0,3
5,BEAUMONT,Gender,Transgender,0,0,0
5,MENIFEE,Gender,Transgender,0,0,0
2,JURUPA VALLEY,Age,Adult,83,31,114
5,BEAUMONT,Subpopulations,Brain Injury,3,0,3
1,CANYON LAKE,Race,Black or African American,0,0,0
5,BANNING,Gender,Male,25,4,29
4,CATHEDRAL CITY,Age,TOTAL,32,14,46
5,MENIFEE,Race,Black or African American,2,0,2
2,RIVERSIDE,Age,TOTAL,109,73,183
4,INDIO,Age,Blank,5,3,8
4,PALM SPRINGS,Race,Asian,3,0,3
5,BANNING,Gender,Female,8,0,8
4,DESERT HOT SPRINGS,Race,White,44,0,44
1,Unincorporated,Age,Youth,0,0,0
4,LA QUINTA,Gender,Female,0,0,0
1,RIVERSIDE,Subpopulations,Jail Release 12 Months: Probation,5,0,5
5,MENIFEE,Subpopulations,AIDS or HIV,0,0,0
5,PERRIS,Subpopulations,TOTAL,193,0,193
4,COACHELLA,Race,Don't Know/ Refused to Answer,3,8,11
1,LAKE ELSINORE,Subpopulations,Jail Release 90 Days: (Unspecified),8,0,8
2,CORONA,Subpopulations,TOTAL,112,0,112
5,Unincorporated,Age,18-24,0,0,0
4,PALM SPRINGS,Gender,Female,24,3,27
1,WILDOMAR,Gender,Blank,0,0,0
2,JURUPA VALLEY,Gender,Don't Know/ Refused to Answer / Blank,2,17,19
3,HEMET,Subpopulations,Developmental Disability,6,0,6
1,WILDOMAR,Ethnicity,Not Hispanic or Latino,9,5,14
3,MURRIETA,Subpopulations,Alcohol Use,3,0,3
4,RANCHO MIRAGE,Ethnicity,Blank,0,0,0
1,RIVERSIDE,Age,Blank,8,4,12
1,RIVERSIDE,Ethnicity,Not Hispanic or Latino,70,36,106
2,CORONA,Subpopulations,Jail Release 12 Months: Probation,1,0,1
3,SAN JACINTO,Race,"Native Hawaiian, Pacific Islander",0,0,0
2,EASTVALE,Age,80+,0,0,0
1,CANYON LAKE,Age,25-49,0,0,0
3,SAN JACINTO,Age,Children,0,0,0
5,PERRIS,Subpopulations,Jail Release 12 Months: Probation,2,0,2
4,INDIO,Race,Blank,2,1,3
2,CORONA,Age,0-5,0,0,0
4,PALM DESERT,Subpopulations,Jail Release 90 Days: Probation,3,0,3
3,Unincorporated,Subpopulations,Drug Use,10,0,10
2,Unincorporated,Ethnicity,TOTAL,4,0,4
4,RANCHO MIRAGE,Age,0-5,0,0,0
1,WILDOMAR,Subpopulations,Veterans,2,0,2
2,RIVERSIDE,Age,Youth,24,10,34
5,BANNING,Age,TOTAL,33,4,37
2,EASTVALE,Age,70-79,0,0,0
5,BANNING,Subpopulations,Veterans,4,0,4
2,JURUPA VALLEY,Age,25-49,48,24,72
3,TEMECULA,Race,"Native Hawaiian, Pacific Islander",0,0,0
3,MURRIETA,Subpopulations,Jail Release 12 Months: (Unspecified),0,0,0
4,PALM SPRINGS,Age,70-79,4,0,4
3,Unincorporated,Age,50-61,8,0,8
5,MORENO VALLEY,Ethnicity,TOTAL,61,16,77
5,BEAUMONT,Age,TOTAL,9,4,13
2,Unincorporated,Gender,Transgender,0,0,0
1,CANYON LAKE,Subpopulations,Physical Disability,0,0,0
2,NORCO,Subpopulations,Chronically Homeless,1,0,1
5,CALIMESA,Age,Children,0,0,0
1,LAKE ELSINORE,Age,25-49,38,0,38
3,MURRIETA,Race,"Native Hawaiian, Pacific Islander",0,0,0
5,MORENO VALLEY,Subpopulations,Families with Children,0,0,0
5,Unincorporated,Age,TOTAL,14,1,15
5,BEAUMONT,Age,0-5,0,0,0
2,NORCO,Race,Black or African American,0,0,0
2,EASTVALE,Subpopulations,Jail Release 12 Months: Probation,0,0,0
5,MENIFEE,Age,80+,0,0,0
3,MURRIETA,Age,0-5,0,0,0
3,MURRIETA,Age,62-69,0,2,2
2,NORCO,Subpopulations,TOTAL,8,0,8
2,NORCO,Subpopulations,Veterans,0,0,0
1,Unincorporated,Race,Black or African American,1,0,1
5,BEAUMONT,Race,Multiple Races,0,0,0
2,RIVERSIDE,Subpopulations,Jail Release 12 Months: Probation,5,0,5
5,PERRIS,Ethnicity,Hispanic or Latino,24,10,34
4,LA QUINTA,Subpopulations,PTSD,2,0,2
5,CALIMESA,Subpopulations,Families with Children,0,0,0
4,INDIO,Ethnicity,Not Hispanic or Latino,11,2,13
4,PALM DESERT,Race,Blank,4,0,4
4,Unincorporated,Race,Asian,0,0,0
5,BEAUMONT,Age,17 or under,0,0,0
3,TEMECULA,Race,American Indian or Alaska Native,0,0,0
4,LA QUINTA,Gender,Male,3,1,4
4,Unincorporated,Race,White,15,4,19
3,Unincorporated,Subpopulations,Alcohol Use,8,0,8
4,RANCHO MIRAGE,Subpopulations,Alcohol Use,0,0,0
4,BLYTHE,Age,62-69,5,3,8
4,RANCHO MIRAGE,Ethnicity,Not Hispanic or Latino,6,0,6
1,LAKE ELSINORE,Age,18-24,4,0,4
3,HEMET,Subpopulations,Families with Children,0,0,0
3,MURRIETA,Subpopulations,Jail Release 90 Days: (Unspecified),0,0,0
5,BEAUMONT,Subpopulations,Mental Health Conditions,2,0,2
4,PALM SPRINGS,Ethnicity,TOTAL,97,29,126
4,COACHELLA,Subpopulations,Jail Release 90 Days: Probation,1,0,1
1,LAKE ELSINORE,Subpopulations,Jail Release 12 Months: Probation,3,0,3
2,CORONA,Subpopulations,Brain Injury,14,0,14
4,LA QUINTA,Subpopulations,Jail Release 90 Days: (Unspecified),0,0,0
4,BLYTHE,Age,Blank,1,1,2
1,Unincorporated,Race,Blank,3,0,3
4,DESERT HOT SPRINGS,Ethnicity,Hispanic or Latino,20,0,20
1,RIVERSIDE,Age,62-69,3,3,6
3,Unincorporated,Race,Blank,3,0,3
1,Unincorporated,Age,50-61,4,0,4
4,LA QUINTA,Subpopulations,Veterans,0,0,0
1,WILDOMAR,Ethnicity,Hispanic or Latino,0,0,0
4,COACHELLA,Subpopulations,Brain Injury,9,0,9
4,COACHELLA,Age,62-69,1,0,1
4,PALM SPRINGS,Subpopulations,Jail Release 90 Days: (Unspecified),8,0,8
4,INDIO,Subpopulations,PTSD,8,0,8
4,BLYTHE,Age,18-24,0,0,0
4,PALM SPRINGS,Subpopulations,Jail Release 90 Days: Parole,1,0,1
4,CATHEDRAL CITY,Age,Children,0,0,0
5,MENIFEE,Subpopulations,Jail Release 12 Months: Parole,0,0,0
5,BANNING,Age,17 or under,0,0,0
4,Unincorporated,Race,Don't Know/ Refused to Answer,8,1,9
3,MURRIETA,Age,25-49,3,1,4
3,Unincorporated,Race,Don't Know/ Refused to Answer,6,0,6
4,INDIO,Ethnicity,Don't Know/ Refused to Answer / Blank,0,4,4
3,MURRIETA,Subpopulations,Jail Release 90 Days: Probation,0,0,0
4,LA QUINTA,Race,"Native Hawaiian, Pacific Islander",0,0,0
4,Unincorporated,Subpopulations,Chronically Homeless,8,0,8
4,LA QUINTA,Subpopulations,Jail Release 90 Days: Parole,0,0,0
3,HEMET,Subpopulations,Drug Use,21,0,21
4,LA QUINTA,Subpopulations,Jail Release 90 Days: Probation,0,0,0
3,MURRIETA,Subpopulations,Jail Release 90 Days: Parole,0,0,0
2,CORONA,Ethnicity,Don't Know/ Refused to Answer / Blank,0,9,9
4,BLYTHE,Race,Blank,10,2,12
4,LA QUINTA,Age,Adult,3,1,4
3,MURRIETA,Age,Blank,0,1,1
5,MORENO VALLEY,Age,25-49,36,9,45
4,DESERT HOT SPRINGS,Age,80+,0,0,0
1,Unincorporated,Age,17 or under,0,0,0
1,WILDOMAR,Gender,Gender Non-Conforming,0,0,0
4,PALM DESERT,Subpopulations,Jail Release 12 Months: (Unspecified),3,0,3
4,RANCHO MIRAGE,Subpopulations,Drug Use,4,0,4
2,NORCO,Race,American Indian or Alaska Native,1,0,1
1,WILDOMAR,Race,Blank,0,0,0
3,TEMECULA,Age,50-61,9,0,9
4,LA QUINTA,Race,TOTAL,3,1,4
1,LAKE ELSINORE,Gender,Male,54,2,56
5,CALIMESA,Ethnicity,TOTAL,7,2,9
5,BEAUMONT,Race,Don't Know/ Refused to Answer,0,3,3
5,Unincorporated,Race,American Indian or Alaska Native,2,0,2
4,PALM DESERT,Ethnicity,Blank,1,2,3
2,RIVERSIDE,Total Unsheltered Homeless Individuals,TOTAL,109,73,183
1,RIVERSIDE,Race,"Native Hawaiian, Pacific Islander",2,0,2
5,MORENO VALLEY,Gender,TOTAL,61,16,77
5,MENIFEE,Subpopulations,Chronically Homeless,8,0,8
2,CORONA,Gender,Male,45,8,53
3,TEMECULA,Gender,TOTAL,51,15,66
3,HEMET,Subpopulations,Physical Disability,17,0,17
5,MORENO VALLEY,Race,Asian,1,0,1
1,RIVERSIDE,Ethnicity,TOTAL,110,74,183
2,NORCO,Gender,Gender Non-Conforming,0,0,0
1,CANYON LAKE,Age,18-24,0,0,0
1,WILDOMAR,Subpopulations,Physical Disability,4,0,4
4,BLYTHE,Subpopulations,Chronically Homeless,15,0,15
4,DESERT HOT SPRINGS,Subpopulations,Chronically Homeless,16,0,16
3,SAN JACINTO,Subpopulations,Developmental Disability,0,0,0
2,Unincorporated,Subpopulations,Physical Disability,1,0,1
4,RANCHO MIRAGE,Age,80+,0,0,0
4,PALM DESERT,Subpopulations,Families with Children,0,0,0
5,BANNING,Subpopulations,Developmental Disability,4,0,4
4,RANCHO MIRAGE,Race,Don't Know/ Refused to Answer,1,0,1
5,MORENO VALLEY,Gender,Female,17,6,23
4,PALM SPRINGS,Race,White,52,11,63
5,PERRIS,Race,Don't Know/ Refused to Answer,4,3,7
3,TEMECULA,Age,Children,0,0,0
5,CALIMESA,Subpopulations,Jail Release 12 Months: Parole,0,0,0
4,LA QUINTA,Subpopulations,Jail Release 12 Months: Probation,0,0,0
2,RIVERSIDE,Subpopulations,Jail Release 12 Months: (Unspecified),5,0,5
3,MURRIETA,Race,Don't Know/ Refused to Answer,0,0,0
3,SAN JACINTO,Race,Multiple Races,1,0,1
5,BANNING,Age,80+,0,0,0
3,MURRIETA,Subpopulations,Jail Release 12 Months: Probation,0,0,0
4,DESERT HOT SPRINGS,Age,Youth,2,0,2
2,RIVERSIDE,Age,Children,0,0,0
5,MORENO VALLEY,Age,0-5,0,0,0
4,RANCHO MIRAGE,Gender,TOTAL,7,0,7
3,MURRIETA,Race,White,9,6,15
4,RANCHO MIRAGE,Total Unsheltered Homeless Individuals,TOTAL,8,0,8
1,WILDOMAR,Subpopulations,Jail Release 90 Days: (Unspecified),2,0,2
1,WILDOMAR,Subpopulations,AIDS or HIV,0,0,0
1,CANYON LAKE,Age,17 or under,0,0,0
4,COACHELLA,Age,18-24,0,4,4
3,HEMET,Race,"Native Hawaiian, Pacific Islander",1,0,1
5,Unincorporated,Subpopulations,Jail Release 12 Months: Parole,1,0,1
3,HEMET,Age,25-49,25,16,41
5,MORENO VALLEY,Age,TOTAL,61,16,77
3,SAN JACINTO,Ethnicity,TOTAL,7,2,9
2,CORONA,Gender,TOTAL,58,14,72
4,Unincorporated,Subpopulations,AIDS or HIV,0,0,0
3,TEMECULA,Subpopulations,Drug Use,22,0,22
4,CATHEDRAL CITY,Subpopulations,TOTAL,119,0,119
1,Unincorporated,Subpopulations,AIDS or HIV,0,0,0
4,RANCHO MIRAGE,Race,White,4,0,4
2,RIVERSIDE,Gender,Transgender,1,0,1
5,BEAUMONT,Ethnicity,Hispanic or Latino,3,0,3
2,CORONA,Subpopulations,Jail Release 12 Months: (Unspecified),2,0,2
1,RIVERSIDE,Subpopulations,PTSD,22,0,22
5,PERRIS,Age,TOTAL,67,28,95
5,Unincorporated,Race,"Native Hawaiian, Pacific Islander",0,0,0
4,RANCHO MIRAGE,Subpopulations,Victim of Domestic Violence*,1,0,1
1,LAKE ELSINORE,Age,Youth,4,0,4
3,TEMECULA,Race,Don't Know/ Refused to Answer,3,6,9
3,HEMET,Age,80+,0,0,0
4,RANCHO MIRAGE,Subpopulations,Developmental Disability,0,0,0
4,PALM DESERT,Subpopulations,Jail Release 90 Days: Parole,0,0,0
3,MURRIETA,Gender,TOTAL,11,8,19
4,INDIO,Race,American Indian or Alaska Native,4,0,4
2,RIVERSIDE,Subpopulations,Jail Release 90 Days: Probation,6,0,6
2,Unincorporated,Gender,Blank,0,0,0
5,MORENO VALLEY,Race,Multiple Races,0,0,0
5,PERRIS,Subpopulations,PTSD,26,0,26
5,Unincorporated,Total Unsheltered Homeless Individuals,TOTAL,14,1,15
2,NORCO,Total Unsheltered Homeless Individuals,TOTAL,3,1,4
4,BLYTHE,Gender,TOTAL,37,17,54
2,RIVERSIDE,Race,"Native Hawaiian, Pacific Islander",1,0,1
4,PALM DESERT,Race,White,24,4,28
2,EASTVALE,Race,"Native Hawaiian, Pacific Islander",0,0,0
5,BANNING,Subpopulations,Brain Injury,4,0,4
2,Unincorporated,Subpopulations,Jail Release 90 Days: (Unspecified),0,0,0
1,CANYON LAKE,Age,70-79,0,0,0
4,PALM DESERT,Subpopulations,Physical Disability,15,0,15
4,INDIO,Subpopulations,Veterans,3,0,3
3,HEMET,Gender,TOTAL,48,35,83
5,Unincorporated,Subpopulations,Developmental Disability,2,0,2
2,Unincorporated,Subpopulations,Developmental Disability,1,0,1
5,BANNING,Age,18-24,0,0,0
2,RIVERSIDE,Race,Asian,0,0,1
1,RIVERSIDE,Gender,Male,69,48,117
3,HEMET,Subpopulations,PTSD,8,0,8
2,RIVERSIDE,Gender,Female,37,22,60
1,Unincorporated,Gender,Blank,3,0,3
2,EASTVALE,Subpopulations,Jail Release 12 Months: (Unspecified),0,0,0
5,MORENO VALLEY,Race,White,25,6,31
4,Unincorporated,Gender,Gender Non-Conforming,0,0,0
1,CANYON LAKE,Subpopulations,Brain Injury,0,0,0
2,Unincorporated,Subpopulations,Jail Release 90 Days: Probation,0,0,0
4,DESERT HOT SPRINGS,Race,"Native Hawaiian, Pacific Islander",0,0,0
1,LAKE ELSINORE,Race,American Indian or Alaska Native,5,0,5
2,EASTVALE,Gender,TOTAL,0,0,0
4,INDIO,Subpopulations,Brain Injury,5,0,5
4,COACHELLA,Age,0-5,0,0,0
3,Unincorporated,Ethnicity,Hispanic or Latino,7,2,9
5,MORENO VALLEY,Subpopulations,Veterans,3,0,3
4,PALM DESERT,Race,Multiple Races,0,0,0
1,LAKE ELSINORE,Ethnicity,TOTAL,73,2,75
3,Unincorporated,Subpopulations,Jail Release 90 Days: (Unspecified),2,0,2
4,DESERT HOT SPRINGS,Race,Multiple Races,1,0,1
2,EASTVALE,Race,Multiple Races,0,0,0
5,PERRIS,Ethnicity,Don't Know/ Refused to Answer / Blank,0,3,3
4,BLYTHE,Gender,Male,27,7,34
3,TEMECULA,Subpopulations,Victim of Domestic Violence*,4,0,4
5,CALIMESA,Race,TOTAL,7,2,9
4,PALM DESERT,Subpopulations,Jail Release 12 Months: Probation,0,0,0
4,COACHELLA,Subpopulations,Families with Children,0,0,0
1,WILDOMAR,Gender,Female,3,1,4
4,PALM DESERT,Gender,Gender Non-Conforming,0,0,0
2,Unincorporated,Subpopulations,Veterans,0,0,0
5,CALIMESA,Subpopulations,Brain Injury,0,0,0
3,Unincorporated,Age,80+,0,0,0
5,BEAUMONT,Subpopulations,Alcohol Use,2,0,2
5,MORENO VALLEY,Subpopulations,TOTAL,135,0,135
5,BANNING,Subpopulations,AIDS or HIV,0,0,0
3,MURRIETA,Age,17 or under,0,0,0
5,PERRIS,Gender,Transgender,0,0,0
2,CORONA,Subpopulations,Physical Disability,13,0,13
4,PALM SPRINGS,Ethnicity,Hispanic or Latino,28,7,35
5,MORENO VALLEY,Subpopulations,Chronically Homeless,19,0,19
2,EASTVALE,Subpopulations,Jail Release 90 Days: (Unspecified),0,0,0
4,BLYTHE,Subpopulations,Jail Release 90 Days: Probation,1,0,1
3,SAN JACINTO,Age,80+,0,0,0
1,WILDOMAR,Ethnicity,Blank,0,1,1
4,DESERT HOT SPRINGS,Subpopulations,Brain Injury,7,0,7
2,EASTVALE,Subpopulations,Mental Health Conditions,0,0,0
4,COACHELLA,Subpopulations,Developmental Disability,6,0,6
4,PALM DESERT,Gender,TOTAL,38,5,43
3,Unincorporated,Subpopulations,PTSD,6,0,6
2,Unincorporated,Race,TOTAL,4,0,4
2,NORCO,Ethnicity,TOTAL,3,1,4
4,BLYTHE,Subpopulations,Physical Disability,14,0,14
3,Unincorporated,Race,American Indian or Alaska Native,0,0,0
2,JURUPA VALLEY,Age,Youth,14,5,19
3,TEMECULA,Subpopulations,Veterans,5,0,5
5,PERRIS,Race,American Indian or Alaska Native,9,0,9
1,Unincorporated,Ethnicity,TOTAL,15,1,16
2,RIVERSIDE,Gender,TOTAL,109,73,183
4,DESERT HOT SPRINGS,Race,Black or African American,1,3,4
3,SAN JACINTO,Subpopulations,PTSD,3,0,3
3,HEMET,Gender,Female,17,13,30
4,COACHELLA,Gender,Transgender,0,0,0
4,INDIO,Ethnicity,TOTAL,41,9,50
1,Unincorporated,Gender,Female,5,0,5
2,JURUPA VALLEY,Subpopulations,TOTAL,194,0,194
4,CATHEDRAL CITY,Ethnicity,Not Hispanic or Latino,21,3,24
4,CATHEDRAL CITY,Age,50-61,12,1,13
1,RIVERSIDE,Race,TOTAL,110,74,183
1,CANYON LAKE,Race,Don't Know/ Refused to Answer,0,0,0
4,COACHELLA,Ethnicity,Not Hispanic or Latino,23,9,32
3,TEMECULA,Subpopulations,Jail Release 12 Months: Parole,0,0,0
4,PALM DESERT,Subpopulations,Developmental Disability,6,0,6
4,PALM SPRINGS,Subpopulations,Alcohol Use,21,0,21
3,SAN JACINTO,Subpopulations,Families with Children,0,0,0
3,HEMET,Age,Children,1,0,1
5,Unincorporated,Race,Multiple Races,4,0,4
2,Unincorporated,Ethnicity,Blank,0,0,0
2,RIVERSIDE,Race,White,56,27,83
4,CATHEDRAL CITY,Ethnicity,TOTAL,32,14,46
1,RIVERSIDE,Subpopulations,Jail Release 12 Months: Parole,2,0,2
4,COACHELLA,Race,Blank,20,4,24
4,BLYTHE,Age,50-61,13,8,21
5,BANNING,Gender,Gender Non-Conforming,0,0,0
3,MURRIETA,Gender,Male,8,5,13
5,BANNING,Subpopulations,Jail Release 12 Months: (Unspecified),2,0,2
4,LA QUINTA,Ethnicity,TOTAL,3,1,4
5,MENIFEE,Race,White,12,4,16
5,MENIFEE,Subpopulations,Physical Disability,6,0,6
5,BEAUMONT,Subpopulations,Developmental Disability,0,0,0
2,JURUPA VALLEY,Race,TOTAL,102,46,148
4,RANCHO MIRAGE,Age,TOTAL,7,0,7
5,BANNING,Age,50-61,9,0,9
3,SAN JACINTO,Age,0-5,0,0,0
4,LA QUINTA,Age,TOTAL,3,1,4
1,LAKE ELSINORE,Race,"Native Hawaiian, Pacific Islander",3,0,3
4,CATHEDRAL CITY,Race,TOTAL,32,14,46
2,EASTVALE,Gender,Transgender,0,0,0
1,CANYON LAKE,Age,Adult,0,0,0
2,CORONA,Subpopulations,Jail Release 12 Months: Parole,0,0,0
2,EASTVALE,Subpopulations,Brain Injury,0,0,0
1,RIVERSIDE,Ethnicity,Hispanic or Latino,35,16,50
5,PERRIS,Ethnicity,Not Hispanic or Latino,43,15,58
4,LA QUINTA,Age,Children,0,0,0
4,DESERT HOT SPRINGS,Subpopulations,Veterans,2,0,2
1,WILDOMAR,Age,62-69,0,1,1
3,TEMECULA,Subpopulations,Jail Release 90 Days: (Unspecified),4,0,4
4,LA QUINTA,Race,White,1,1,2
3,TEMECULA,Age,18-24,5,3,8
4,RANCHO MIRAGE,Race,Asian,0,0,0
2,Unincorporated,Subpopulations,Drug Use,3,0,3
4,CATHEDRAL CITY,Subpopulations,Developmental Disability,6,0,6
4,PALM DESERT,Age,17 or under,0,0,0
4,COACHELLA,Race,Multiple Races,2,0,2
2,RIVERSIDE,Race,American Indian or Alaska Native,6,0,6
1,WILDOMAR,Subpopulations,PTSD,2,0,2
2,Unincorporated,Age,Children,0,0,0
5,Unincorporated,Subpopulations,Jail Release 90 Days: Parole,0,0,0
5,Unincorporated,Subpopulations,Chronically Homeless,7,0,7
3,Unincorporated,Total Unsheltered Homeless Individuals,TOTAL,35,2,37
5,MORENO VALLEY,Age,Children,0,0,0
5,MENIFEE,Gender,Female,4,2,6
4,BLYTHE,Age,Children,0,0,0
1,CANYON LAKE,Ethnicity,TOTAL,0,0,0
2,Unincorporated,Subpopulations,Alcohol Use,0,0,0
4,PALM DESERT,Age,Youth,2,0,2
5,Unincorporated,Age,62-69,2,1,3
4,CATHEDRAL CITY,Race,Don't Know/ Refused to Answer,6,5,11
2,JURUPA VALLEY,Subpopulations,Jail Release 12 Months: Probation,2,0,2
4,Unincorporated,Race,Multiple Races,0,0,0
3,Unincorporated,Race,Multiple Races,1,0,1
4,DESERT HOT SPRINGS,Subpopulations,Families with Children,1,0,1
3,Unincorporated,Race,White,21,2,23
1,Unincorporated,Gender,Gender Non-Conforming,0,0,0
1,CANYON LAKE,Gender,Gender Non-Conforming,0,0,0
4,LA QUINTA,Age,0-5,0,0,0
5,BEAUMONT,Gender,Blank,0,0,0
1,CANYON LAKE,Subpopulations,AIDS or HIV,0,0,0
1,RIVERSIDE,Ethnicity,Blank,6,22,28
2,CORONA,Race,American Indian or Alaska Native,3,0,3
3,TEMECULA,Subpopulations,PTSD,17,0,17
1,CANYON LAKE,Subpopulations,Mental Health Conditions,0,0,0
4,DESERT HOT SPRINGS,Age,Adult,50,2,52
2,NORCO,Age,62-69,0,1,1
5,CALIMESA,Subpopulations,AIDS or HIV,0,0,0
5,PERRIS,Subpopulations,Families with Children,1,0,1
5,BEAUMONT,Total Unsheltered Homeless Individuals,TOTAL,9,4,13
3,MURRIETA,Age,18-24,0,2,2
3,MURRIETA,Subpopulations,Developmental Disability,0,0,0
2,JURUPA VALLEY,Age,62-69,5,2,7
3,Unincorporated,Age,0-5,0,0,0
2,JURUPA VALLEY,Ethnicity,Hispanic or Latino,39,5,44
4,LA QUINTA,Subpopulations,Developmental Disability,2,0,2
5,MENIFEE,Ethnicity,TOTAL,18,4,22
4,CATHEDRAL CITY,Gender,TOTAL,32,14,46
5,Unincorporated,Ethnicity,Blank,0,0,0
5,MORENO VALLEY,Subpopulations,Developmental Disability,4,0,4
4,PALM DESERT,Subpopulations,Jail Release 12 Months: Parole,0,0,0
4,RANCHO MIRAGE,Race,TOTAL,7,0,7
3,TEMECULA,Age,70-79,2,0,2
3,MURRIETA,Ethnicity,Hispanic or Latino,0,0,0
4,PALM SPRINGS,Subpopulations,Veterans,3,0,3
4,COACHELLA,Age,TOTAL,51,24,75
2,JURUPA VALLEY,Subpopulations,Jail Release 12 Months: Parole,0,0,0
2,NORCO,Age,80+,0,0,0
5,MORENO VALLEY,Age,Blank,1,3,4
4,INDIO,Subpopulations,Families with Children,0,0,0
2,CORONA,Race,"Native Hawaiian, Pacific Islander",1,0,1
2,Unincorporated,Subpopulations,Victim of Domestic Violence*,0,0,0
2,EASTVALE,Ethnicity,Blank,0,0,0
2,CORONA,Race,Black or African American,12,4,16
2,EASTVALE,Subpopulations,Chronically Homeless,0,0,0
4,RANCHO MIRAGE,Gender,Gender Non-Conforming,0,0,0
1,RIVERSIDE,Gender,Gender Non-Conforming,1,0,1
3,TEMECULA,Subpopulations,Physical Disability,19,0,19
5,Unincorporated,Subpopulations,AIDS or HIV,0,0,0
1,Unincorporated,Race,American Indian or Alaska Native,1,0,1
5,Unincorporated,Age,80+,1,0,1
1,CANYON LAKE,Race,"Native Hawaiian, Pacific Islander",0,0,0
5,Unincorporated,Subpopulations,Mental Health Conditions,4,0,4
4,RANCHO MIRAGE,Race,American Indian or Alaska Native,1,0,1
3,Unincorporated,Ethnicity,TOTAL,35,2,37
5,CALIMESA,Age,25-49,5,1,6
2,JURUPA VALLEY,Subpopulations,Developmental Disability,8,0,8
2,NORCO,Age,25-49,3,0,3
5,MORENO VALLEY,Age,Adult,49,11,60
5,Unincorporated,Gender,TOTAL,14,1,15
5,MENIFEE,Age,0-5,0,0,0
4,CATHEDRAL CITY,Race,Multiple Races,1,0,1
1,WILDOMAR,Subpopulations,Brain Injury,1,0,1
5,MENIFEE,Race,Asian,1,0,1
2,Unincorporated,Ethnicity,Not Hispanic or Latino,4,0,4
2,EASTVALE,Age,17 or under,0,0,0
4,BLYTHE,Race,Asian,0,0,0
5,BEAUMONT,Gender,Female,2,2,4
4,COACHELLA,Race,"Native Hawaiian, Pacific Islander",0,0,0
3,MURRIETA,Gender,Female,3,3,6
4,COACHELLA,Subpopulations,Jail Release 12 Months: (Unspecified),3,0,3
5,MENIFEE,Subpopulations,Developmental Disability,3,0,3
4,RANCHO MIRAGE,Subpopulations,Jail Release 90 Days: Probation,1,0,1
1,WILDOMAR,Race,Asian,0,0,0
4,PALM DESERT,Ethnicity,Not Hispanic or Latino,28,2,30
4,COACHELLA,Total Unsheltered Homeless Individuals,TOTAL,51,24,75
4,BLYTHE,Ethnicity,TOTAL,37,17,54
2,Unincorporated,Gender,TOTAL,4,0,4
1,Unincorporated,Age,18-24,0,0,0
5,PERRIS,Subpopulations,Alcohol Use,18,0,18
5,MENIFEE,Gender,Gender Non-Conforming,0,0,0
1,RIVERSIDE,Age,17 or under,0,0,0
3,HEMET,Subpopulations,Jail Release 90 Days: Probation,4,0,4
2,Unincorporated,Subpopulations,AIDS or HIV,0,0,0
2,Unincorporated,Subpopulations,Jail Release 12 Months: Parole,0,0,0
1,CANYON LAKE,Age,Children,0,0,0
4,PALM DESERT,Race,Don't Know/ Refused to Answer,6,1,7
2,RIVERSIDE,Subpopulations,Drug Use,49,0,49
5,Unincorporated,Age,Youth,0,0,0
5,MENIFEE,Race,Don't Know/ Refused to Answer,0,0,0
3,TEMECULA,Subpopulations,Chronically Homeless,15,0,15
3,TEMECULA,Gender,Gender Non-Conforming,0,0,0
4,RANCHO MIRAGE,Subpopulations,Jail Release 90 Days: Parole,0,0,0
5,BANNING,Subpopulations,Jail Release 12 Months: Probation,1,0,1
2,EASTVALE,Subpopulations,PTSD,0,0,0
1,Unincorporated,Subpopulations,Victim of Domestic Violence*,0,0,0
1,RIVERSIDE,Age,18-24,24,11,35
2,Unincorporated,Age,Blank,0,0,0
4,PALM SPRINGS,Ethnicity,Not Hispanic or Latino,66,12,78
5,MENIFEE,Age,25-49,12,3,15
2,JURUPA VALLEY,Ethnicity,Don't Know/ Refused to Answer / Blank,0,29,29
1,WILDOMAR,Subpopulations,Victim of Domestic Violence*,0,0,0
4,COACHELLA,Subpopulations,Physical Disability,14,0,14
3,MURRIETA,Subpopulations,Jail Release 12 Months: Parole,0,0,0
4,PALM SPRINGS,Age,0-5,0,0,0
5,BEAUMONT,Subpopulations,PTSD,2,0,2
1,LAKE ELSINORE,Subpopulations,Drug Use,30,0,30
4,CATHEDRAL CITY,Gender,Transgender,0,0,0
3,HEMET,Race,Blank,6,3,9
4,INDIO,Subpopulations,Physical Disability,15,0,15
5,Unincorporated,Race,Asian,0,0,0
3,HEMET,Subpopulations,Mental Health Conditions,12,0,12
2,Unincorporated,Gender,Male,2,0,2
4,Unincorporated,Subpopulations,Families with Children,0,0,0
2,JURUPA VALLEY,Age,0-5,0,0,0
3,TEMECULA,Total Unsheltered Homeless Individuals,TOTAL,51,15,66
3,SAN JACINTO,Ethnicity,Blank,0,0,0
5,Unincorporated,Subpopulations,Jail Release 12 Months: Probation,0,0,0
3,SAN JACINTO,Race,Blank,2,0,2
3,Unincorporated,Gender,TOTAL,35,2,37
3,TEMECULA,Gender,Blank,1,0,1
5,PERRIS,Age,62-69,4,0,4
1,RIVERSIDE,Age,70-79,1,1,2
2,CORONA,Subpopulations,Families with Children,0,0,0
4,DESERT HOT SPRINGS,Race,Don't Know/ Refused to Answer,0,1,1
1,Unincorporated,Age,Children,0,0,0
4,RANCHO MIRAGE,Subpopulations,Jail Release 90 Days: (Unspecified),0,0,0
4,INDIO,Subpopulations,Jail Release 90 Days: Parole,2,0,2
3,HEMET,Race,Asian,0,0,0
5,PERRIS,Race,Black or African American,14,8,22
1,CANYON LAKE,Age,50-61,0,0,0
1,LAKE ELSINORE,Race,TOTAL,73,2,75
3,SAN JACINTO,Age,62-69,0,2,2
4,CATHEDRAL CITY,Age,18-24,1,0,1
5,PERRIS,Age,0-5,0,0,0
4,PALM SPRINGS,Age,TOTAL,97,29,126
4,INDIO,Subpopulations,AIDS or HIV,0,0,0
4,LA QUINTA,Gender,Transgender,0,0,0
2,EASTVALE,Subpopulations,Drug Use,0,0,0
1,RIVERSIDE,Subpopulations,Veterans,11,0,11
2,JURUPA VALLEY,Subpopulations,Brain Injury,15,0,15
5,BANNING,Age,25-49,20,4,24
1,Unincorporated,Gender,Male,7,1,8
4,CATHEDRAL CITY,Age,0-5,0,0,0
2,EASTVALE,Race,Blank,0,0,0
2,Unincorporated,Subpopulations,TOTAL,9,0,9
5,BANNING,Gender,TOTAL,33,4,37
1,RIVERSIDE,Race,Blank,13,2,15
5,BANNING,Race,Don't Know/ Refused to Answer,1,3,4
1,RIVERSIDE,Age,Youth,24,11,35
5,Unincorporated,Subpopulations,Jail Release 90 Days: (Unspecified),0,0,0
2,JURUPA VALLEY,Gender,TOTAL,102,46,148
4,BLYTHE,Subpopulations,AIDS or HIV,1,0,1
3,SAN JACINTO,Subpopulations,Chronically Homeless,3,0,3
2,JURUPA VALLEY,Age,50-61,30,5,35
4,DESERT HOT SPRINGS,Subpopulations,Physical Disability,14,0,14
5,MENIFEE,Race,TOTAL,18,4,22
4,COACHELLA,Age,17 or under,0,0,0
4,PALM DESERT,Race,Asian,1,0,1
5,CALIMESA,Subpopulations,Jail Release 90 Days: Probation,0,0,0
3,Unincorporated,Age,TOTAL,35,2,37
1,LAKE ELSINORE,Subpopulations,Alcohol Use,11,0,11
4,DESERT HOT SPRINGS,Race,Asian,1,0,1
4,Unincorporated,Age,Youth,1,0,1
1,Unincorporated,Subpopulations,Drug Use,2,0,2
5,MENIFEE,Age,Youth,0,0,0
5,Unincorporated,Subpopulations,PTSD,2,0,2
4,BLYTHE,Subpopulations,Jail Release 90 Days: (Unspecified),2,0,2
3,Unincorporated,Subpopulations,Developmental Disability,0,0,0
4,RANCHO MIRAGE,Subpopulations,Veterans,2,0,2
4,DESERT HOT SPRINGS,Subpopulations,Jail Release 90 Days: Parole,1,0,1
4,PALM SPRINGS,Age,18-24,4,3,7
3,Unincorporated,Subpopulations,Jail Release 90 Days: Probation,0,0,0
4,RANCHO MIRAGE,Subpopulations,Jail Release 12 Months: (Unspecified),0,0,0
4,BLYTHE,Gender,Transgender,0,0,0
1,RIVERSIDE,Subpopulations,Jail Release 90 Days: (Unspecified),4,0,4
1,Unincorporated,Subpopulations,Veterans,0,0,0
5,Unincorporated,Gender,Gender Non-Conforming,0,0,0
5,CALIMESA,Age,Adult,7,2,9
1,LAKE ELSINORE,Race,Black or African American,4,0,4
5,PERRIS,Subpopulations,Veterans,5,0,5
1,Unincorporated,Race,Multiple Races,1,0,1
2,JURUPA VALLEY,Subpopulations,Drug Use,40,0,40
5,MENIFEE,Age,50-61,2,1,3
1,CANYON LAKE,Race,TOTAL,0,0,0
5,PERRIS,Race,"Native Hawaiian, Pacific Islander",1,0,1
4,COACHELLA,Age,50-61,17,0,17
3,HEMET,Subpopulations,Jail Release 12 Months: Probation,1,0,1
3,SAN JACINTO,Subpopulations,Mental Health Conditions,3,0,3
5,CALIMESA,Gender,Gender Non-Conforming,0,0,0
5,Unincorporated,Subpopulations,Veterans,1,0,1
4,COACHELLA,Subpopulations,PTSD,9,0,9
5,MORENO VALLEY,Subpopulations,Alcohol Use,11,0,11
4,PALM SPRINGS,Age,25-49,46,15,61
5,MENIFEE,Subpopulations,Mental Health Conditions,8,0,8
4,COACHELLA,Ethnicity,Don't Know/ Refused to Answer / Blank,0,7,7
1,LAKE ELSINORE,Gender,Transgender,0,0,0
3,TEMECULA,Subpopulations,Families with Children,0,0,0
5,Unincorporated,Ethnicity,Hispanic or Latino,5,0,5
2,EASTVALE,Age,25-49,0,0,0
1,RIVERSIDE,Race,Don't Know/ Refused to Answer,12,30,42
5,PERRIS,Subpopulations,Jail Release 90 Days: Probation,5,0,5
1,LAKE ELSINORE,Age,70-79,0,0,0
1,RIVERSIDE,Subpopulations,Drug Use,49,0,49
5,MENIFEE,Ethnicity,Hispanic or Latino,4,0,4
4,DESERT HOT SPRINGS,Ethnicity,Don't Know/ Refused to Answer / Blank,1,0,1
4,DESERT HOT SPRINGS,Gender,Transgender,0,0,0
4,Unincorporated,Age,Blank,0,0,0
3,HEMET,Age,62-69,2,2,4
4,RANCHO MIRAGE,Age,25-49,1,0,1
1,Unincorporated,Subpopulations,Brain Injury,2,0,2
2,EASTVALE,Subpopulations,Victim of Domestic Violence*,0,0,0
4,RANCHO MIRAGE,Race,"Native Hawaiian, Pacific Islander",0,0,0
4,Unincorporated,Gender,Blank,0,0,0
4,INDIO,Subpopulations,Jail Release 12 Months: (Unspecified),2,0,2
1,LAKE ELSINORE,Total Unsheltered Homeless Individuals,TOTAL,73,2,75
4,Unincorporated,Age,62-69,5,1,6
5,CALIMESA,Age,70-79,0,0,0
1,LAKE ELSINORE,Age,0-5,0,0,0
4,INDIO,Gender,Transgender,0,0,0
4,INDIO,Race,Multiple Races,2,0,2
1,CANYON LAKE,Gender,Male,0,0,0
4,PALM SPRINGS,Subpopulations,Chronically Homeless,29,0,29
4,PALM SPRINGS,Subpopulations,PTSD,40,0,40